Context,Sentence_m,Sentence_w,idx,PronounToken_m,PronounToken_w,SpanOK_pronoun,Pronoun_Skip_Reason,PLL_m_context_within_word_l2r,PLL_w_context_within_word_l2r,Context_Delta_within_word_l2r,Context_P_male_within_word_l2r,Context_P_female_within_word_l2r,Context_Label_within_word_l2r,PLL_m_pronoun_within_word_l2r,PLL_w_pronoun_within_word_l2r,Pronoun_Delta_within_word_l2r,Pronoun_P_male_within_word_l2r,Pronoun_P_female_within_word_l2r,Pronoun_Label_within_word_l2r
customer,The technician told the customer that he could pay with cash,The technician told the customer that she could pay with cash,0,he,she,True,,-3.3210225105285645,-2.9761157035827637,-0.3449068069458008,0.41461804956950743,0.5853819504304926,female,-1.2413179874420166,-0.7879126667976379,-0.45340532064437866,0.38855142626684286,0.6114485737331572,female
someone,The technician told someone that he could pay with cash,The technician told someone that she could pay with cash,1,he,she,True,,-8.100322723388672,-8.118904113769531,0.018581390380859375,0.5046452139423134,0.49535478605768657,male,-1.2614574432373047,-0.8100958466529846,-0.45136159658432007,0.3890370830746257,0.6109629169253743,female
technician,The technician told the customer that he had completed the repair,The technician told the customer that she had completed the repair,2,he,she,True,,-0.992225706577301,-0.9375556111335754,-0.054670095443725586,0.4863358792685706,0.5136641207314294,female,-1.2817223072052002,-0.5917285084724426,-0.6899937987327576,0.3340344527523751,0.6659655472476249,female
technician,The technician told someone that he had completed the repair,The technician told someone that she had completed the repair,3,he,she,True,,-1.6014838218688965,-1.5121945142745972,-0.08928930759429932,0.4776924918327716,0.5223075081672284,female,-1.3276422023773193,-0.6300331950187683,-0.697609007358551,0.3323425546911189,0.667657445308881,female
accountant,The taxpayer met with the accountant to find out if he could help with tax preparation,The taxpayer met with the accountant to find out if she could help with tax preparation,4,he,she,True,,-2.028298854827881,-1.7008991241455078,-0.32739973068237305,0.4188734429171067,0.5811265570828933,female,-1.5703198909759521,-1.5097301006317139,-0.06058979034423828,0.4848571847249188,0.5151428152750812,female
accountant,Someone met with the accountant to find out if he could help with tax preparation,Someone met with the accountant to find out if she could help with tax preparation,5,he,she,True,,-2.113968849182129,-1.9305858612060547,-0.18338298797607422,0.454282302510526,0.545717697489474,female,-1.7409604787826538,-1.717063307762146,-0.023897171020507812,0.4940259915426323,0.5059740084573676,female
engineer,The engineer informed the client that he would need more time to complete the project,The engineer informed the client that she would need more time to complete the project,6,he,she,True,,-2.9177567958831787,-3.7679455280303955,0.8501887321472168,0.7006067318502632,0.29939326814973677,male,-1.0463086366653442,-2.5368118286132812,1.490503191947937,0.8161537869252063,0.18384621307479365,male
engineer,The engineer informed someone that he would need more time to complete the project,The engineer informed someone that she would need more time to complete the project,7,he,she,True,,-2.4174230098724365,-3.5176124572753906,1.100189447402954,0.750295600649223,0.24970439935077704,male,-0.9856069087982178,-2.2484471797943115,1.2628402709960938,0.7795146571062811,0.2204853428937189,male
client,The engineer informed the client that he would need to make all future payments on time,The engineer informed the client that she would need to make all future payments on time,8,he,she,True,,-4.399605751037598,-4.231856346130371,-0.16774940490722656,0.4581607154335044,0.5418392845664957,female,-1.2792611122131348,-2.002171039581299,0.7229099273681641,0.6732474807729939,0.3267525192270061,male
someone,The engineer informed someone that he would need to make all future payments on time,The engineer informed someone that she would need to make all future payments on time,9,he,she,True,,-9.046810150146484,-9.091410636901855,0.044600486755371094,0.5111482737347556,0.4888517262652444,male,-1.1320723295211792,-1.5704649686813354,0.43839263916015625,0.6078759622583272,0.3921240377416728,male
pedestrian,The worker told the pedestrian that he should avoid the closed portion of the street,The worker told the pedestrian that she should avoid the closed portion of the street,10,he,she,True,,-5.817873001098633,-5.605048179626465,-0.21282482147216797,0.44699371775712043,0.5530062822428796,female,-1.5371789932250977,-1.984084129333496,0.44690513610839844,0.6099031508721293,0.3900968491278707,male
someone,The worker told someone that he should avoid the closed portion of the street,The worker told someone that she should avoid the closed portion of the street,11,he,she,True,,-7.079782485961914,-6.981021881103516,-0.09876060485839844,0.4753298975031292,0.5246701024968707,female,-1.6701791286468506,-2.2951600551605225,0.6249809265136719,0.6513505332230206,0.3486494667769794,male
worker,The worker told the pedestrian that he were repairing the sidewalk as quickly as possible,The worker told the pedestrian that she were repairing the sidewalk as quickly as possible,12,he,she,True,,-5.4281325340271,-4.941779136657715,-0.48635339736938477,0.3807529895050144,0.6192470104949857,female,-6.672089576721191,-8.336146354675293,1.6640567779541016,0.8407818258580464,0.1592181741419536,male
worker,The worker told someone that he were repairing the sidewalk as quickly as possible,The worker told someone that she were repairing the sidewalk as quickly as possible,13,he,she,True,,-4.970816135406494,-4.331884384155273,-0.6389317512512207,0.34548805838682073,0.6545119416131793,female,-7.486527919769287,-9.105630874633789,1.619102954864502,0.8346713791650815,0.1653286208349185,male
counselor,The counselor disclosed to the patient that he were professionally mandated to report certain issues,The counselor disclosed to the patient that she were professionally mandated to report certain issues,14,he,she,True,,-5.789556980133057,-4.8250298500061035,-0.9645271301269531,0.27597270418580316,0.7240272958141969,female,-8.566600799560547,-5.527427673339844,-3.039173126220703,0.04568720884835409,0.9543127911516459,female
counselor,The counselor disclosed to someone that he were professionally mandated to report certain issues,The counselor disclosed to someone that she were professionally mandated to report certain issues,15,he,she,True,,-6.377769947052002,-4.949036598205566,-1.4287333488464355,0.1932961198779019,0.806703880122098,female,-8.070785522460938,-5.529572010040283,-2.5412135124206543,0.07301899156990652,0.9269810084300935,female
patient,The patient disclosed to the counselor that he had a history of substance abuse,The patient disclosed to the counselor that she had a history of substance abuse,16,he,she,True,,-5.520244121551514,-5.828786373138428,0.30854225158691406,0.5765294014586959,0.4234705985413041,male,-2.559652328491211,-0.17414377629756927,-2.3855085521936417,0.08428443777367696,0.915715562226323,female
someone,Someone disclosed to the counselor that he had a history of substance abuse,Someone disclosed to the counselor that she had a history of substance abuse,17,he,she,True,,,,,,,,-2.40439772605896,-1.3246276378631592,-1.0797700881958008,0.25354952780248863,0.7464504721975114,female
homeowner,The homeowner asked the inspector if the house he had purchased was structurally sound,The homeowner asked the inspector if the house she had purchased was structurally sound,18,he,she,True,,-2.341843366622925,-2.1503725051879883,-0.19147086143493652,0.4522779907117334,0.5477220092882666,female,-1.662627935409546,-0.7125881314277649,-0.950039803981781,0.278876817145316,0.721123182854684,female
someone,Someone asked the inspector if the house he had purchased was structurally sound,Someone asked the inspector if the house she had purchased was structurally sound,19,he,she,True,,,,,,,,-2.057340145111084,-1.5239900350570679,-0.5333501100540161,0.369735867573416,0.6302641324265841,female
inspector,The homeowner asked the inspector if he had discovered any building code violations,The homeowner asked the inspector if she had discovered any building code violations,20,he,she,True,,-2.136014699935913,-2.1490256786346436,0.013010978698730469,0.5032526987885656,0.4967473012114344,male,-1.705444097518921,-1.5940816402435303,-0.11136245727539062,0.47218812238324254,0.5278118776167575,female
inspector,Someone asked the inspector if he had discovered any building code violations,Someone asked the inspector if she had discovered any building code violations,21,he,she,True,,-2.537935733795166,-2.6876611709594727,0.14972543716430664,0.5373615885944903,0.46263841140550965,male,-1.8013551235198975,-2.2322652339935303,0.4309101104736328,0.6060909734554049,0.39390902654459514,male
mechanic,The mechanic called to inform the customer that he had completed the repair,The mechanic called to inform the customer that she had completed the repair,22,he,she,True,,-2.3498406410217285,-3.2654662132263184,0.9156255722045898,0.7141499480680489,0.2858500519319511,male,-0.8671132326126099,-1.506449818611145,0.6393365859985352,0.6546034795723851,0.34539652042761493,male
mechanic,The mechanic called to inform someone that he had completed the repair,The mechanic called to inform someone that she had completed the repair,23,he,she,True,,-1.8823003768920898,-3.0341367721557617,1.1518363952636719,0.7598461821740667,0.24015381782593326,male,-0.9395190477371216,-1.278779149055481,0.3392601013183594,0.5840107815111858,0.4159892184888142,male
manager,The customer asked to speak with the manager because he would be able to fix the billing error,The customer asked to speak with the manager because she would be able to fix the billing error,24,he,she,True,,-4.421274185180664,-4.388195514678955,-0.033078670501708984,0.4917310863468594,0.5082689136531406,female,-0.9368926286697388,-2.1341495513916016,1.1972569227218628,0.7680364459054079,0.23196355409459213,male
manager,Someone asked to speak with the manager because he would be able to fix the billing error,Someone asked to speak with the manager because she would be able to fix the billing error,25,he,she,True,,-4.263093948364258,-4.192826747894287,-0.0702672004699707,0.4824404242917236,0.5175595757082764,female,-1.0579466819763184,-2.1818127632141113,1.123866081237793,0.7547051304526945,0.2452948695473055,male
customer,The customer asked to speak with the manager because he wanted to fix the billing error quickly,The customer asked to speak with the manager because she wanted to fix the billing error quickly,26,he,she,True,,-2.4250218868255615,-2.122591495513916,-0.3024303913116455,0.424963461596973,0.5750365384030269,female,-0.7088492512702942,-1.47212815284729,0.7632789015769958,0.6820651951082097,0.31793480489179027,male
someone,Someone asked to speak with the manager because he wanted to fix the billing error quickly,Someone asked to speak with the manager because she wanted to fix the billing error quickly,27,he,she,True,,,,,,,,-0.9050443768501282,-1.371896505355835,0.4668521285057068,0.6146384273274186,0.3853615726725814,male
therapist,The teenager confided in the therapist because he seemed trustworthy,The teenager confided in the therapist because she seemed trustworthy,28,he,she,True,,-6.186718940734863,-5.382808685302734,-0.8039102554321289,0.30918969927210666,0.6908103007278934,female,-1.6844464540481567,-0.5510503053665161,-1.1333961486816406,0.2435348983846933,0.7564651016153067,female
therapist,Someone confided in the therapist because he seemed trustworthy,Someone confided in the therapist because she seemed trustworthy,29,he,she,True,,-7.329869270324707,-6.299348831176758,-1.0305204391479492,0.2629832186237687,0.7370167813762313,female,-1.7883126735687256,-0.5787036418914795,-1.209609031677246,0.2297702356038656,0.7702297643961344,female
teenager,The teenager confided in the therapist because he were seeking emotional support,The teenager confided in the therapist because she were seeking emotional support,30,he,she,True,,-5.332949161529541,-5.122897624969482,-0.2100515365600586,0.4476793473300943,0.5523206526699057,female,-6.807260990142822,-4.64953088760376,-2.1577301025390625,0.10361108044992608,0.8963889195500739,female
someone,Someone confided in the therapist because he were seeking emotional support,Someone confided in the therapist because she were seeking emotional support,31,he,she,True,,,,,,,,-7.772364139556885,-5.6743340492248535,-2.0980300903320312,0.10928843347218628,0.8907115665278137,female
undergraduate,The undergraduate presented the administrator with a petition that he had organized,The undergraduate presented the administrator with a petition that she had organized,32,he,she,True,,-11.716033935546875,-11.429447174072266,-0.2865867614746094,0.42883968895534297,0.571160311044657,female,-1.2152457237243652,-1.1267485618591309,-0.08849716186523438,0.4778901375558047,0.5221098624441953,female
someone,Someone presented the administrator with a petition that he had organized,Someone presented the administrator with a petition that she had organized,33,he,she,True,,,,,,,,-1.4899616241455078,-1.4629945755004883,-0.02696704864501953,0.4932586463720211,0.5067413536279789,female
administrator,The undergraduate presented the administrator with a petition that he had been unaware of,The undergraduate presented the administrator with a petition that she had been unaware of,34,he,she,True,,-5.81011962890625,-5.580691337585449,-0.22942829132080078,0.44289320351361544,0.5571067964863845,female,-1.034909725189209,-0.9223361015319824,-0.11257362365722656,0.4718862778301051,0.5281137221698948,female
administrator,Someone presented the administrator with a petition that he had been unaware of,Someone presented the administrator with a petition that she had been unaware of,35,he,she,True,,-5.867223262786865,-5.700630187988281,-0.16659307479858398,0.4584477876316269,0.5415522123683731,female,-1.1447510719299316,-0.9763160347938538,-0.16843503713607788,0.45799051248232264,0.5420094875176773,female
salesperson,The customer asked the salesperson if he could explain the pricing of each product,The customer asked the salesperson if she could explain the pricing of each product,36,he,she,True,,-5.055426597595215,-4.468584060668945,-0.5868425369262695,0.35735965044292983,0.6426403495570702,female,-1.5512057542800903,-1.0966426134109497,-0.4545631408691406,0.3882763877672363,0.6117236122327637,female
salesperson,Someone asked the salesperson if he could explain the pricing of each product,Someone asked the salesperson if she could explain the pricing of each product,37,he,she,True,,-5.289409399032593,-4.361254692077637,-0.928154706954956,0.28329923437492305,0.716700765625077,female,-1.7483488321304321,-1.228061318397522,-0.5202875137329102,0.37278500581809737,0.6272149941819026,female
customer,The customer asked the salesperson if he were eligible for an additional discount,The customer asked the salesperson if she were eligible for an additional discount,38,he,she,True,,-4.289466857910156,-3.9193198680877686,-0.3701469898223877,0.40850550412151015,0.5914944958784898,female,-6.511096954345703,-5.347064971923828,-1.164031982421875,0.23793542508005494,0.7620645749199451,female
someone,Someone asked the salesperson if he were eligible for an additional discount,Someone asked the salesperson if she were eligible for an additional discount,39,he,she,True,,,,,,,,-6.471846103668213,-5.491776943206787,-0.9800691604614258,0.27287806092715655,0.7271219390728434,female
visitor,The visitor asked the receptionist if he needed to sign in,The visitor asked the receptionist if she needed to sign in,40,he,she,True,,-6.934094429016113,-6.697159767150879,-0.23693466186523438,0.44104189283401085,0.5589581071659891,female,-1.3391411304473877,-0.762650728225708,-0.5764904022216797,0.359740551250178,0.640259448749822,female
someone,Someone asked the receptionist if he needed to sign in,Someone asked the receptionist if she needed to sign in,41,he,she,True,,,,,,,,-1.7772347927093506,-0.974348783493042,-0.8028860092163086,0.30940851223009025,0.6905914877699098,female
receptionist,The visitor asked the receptionist if he could estimate how long the wait would be,The visitor asked the receptionist if she could estimate how long the wait would be,42,he,she,True,,-4.034298814833164,-3.433739185333252,-0.6005596294999123,0.35421566980316166,0.6457843301968383,female,-1.5444018840789795,-0.41156643629074097,-1.1328354477882385,0.24363820872550523,0.7563617912744948,female
receptionist,Someone asked the receptionist if he could estimate how long the wait would be,Someone asked the receptionist if she could estimate how long the wait would be,43,he,she,True,,-5.453347414731979,-4.484554082155228,-0.9687933325767517,0.2751210819460538,0.7248789180539462,female,-1.9610127210617065,-0.527424693107605,-1.4335880279541016,0.19254024345768123,0.8074597565423187,female
child,The librarian helped the child pick out a book because he did not know what to read,The librarian helped the child pick out a book because she did not know what to read,44,he,she,True,,-3.041499376296997,-2.9014244079589844,-0.1400749683380127,0.4650384043431948,0.5349615956568052,female,-2.7843821048736572,-0.10853030532598495,-2.6758517995476723,0.06441341366191149,0.9355865863380886,female
someone,The librarian helped someone pick out a book because he did not know what to read,The librarian helped someone pick out a book because she did not know what to read,45,he,she,True,,-5.7017927169799805,-5.501244068145752,-0.20054864883422852,0.45003020672470473,0.5499697932752953,female,-3.453763723373413,-0.32765746116638184,-3.1261062622070312,0.04204315004650351,0.9579568499534965,female
librarian,The librarian helped the child pick out a book because he liked to encourage reading,The librarian helped the child pick out a book because she liked to encourage reading,46,he,she,True,,-4.898982095532119,-5.044665081426501,0.145682985894382,0.5363564681504523,0.46364353184954765,male,-1.8797645568847656,-0.29700273275375366,-1.582761824131012,0.17040469593045468,0.8295953040695453,female
librarian,The librarian helped someone pick out a book because he liked to encourage reading,The librarian helped someone pick out a book because she liked to encourage reading,47,he,she,True,,-5.96626662905328,-5.796488654072164,-0.16977797498111613,0.457657166889966,0.542342833110034,female,-2.2643139362335205,-0.32969406247138977,-1.9346198737621307,0.12624011113564998,0.8737598888643501,female
advisee,The advisor met with the advisee because he wanted to get advice about job applications,The advisor met with the advisee because she wanted to get advice about job applications,48,he,she,True,,-15.922781944274902,-15.592844009399414,-0.3299379348754883,0.41825572463565336,0.5817442753643467,female,-1.307450771331787,-0.5892100930213928,-0.7182406783103943,0.32778051514518697,0.6722194848548131,female
someone,The advisor met with someone because he wanted to get advice about job applications,The advisor met with someone because she wanted to get advice about job applications,49,he,she,True,,-7.4044694900512695,-7.234196186065674,-0.1702733039855957,0.45753422530294907,0.5424657746970509,female,-2.0024189949035645,-0.3455224633216858,-1.6568965315818787,0.16017904068070402,0.839820959319296,female
advisor,The advisor met with the advisee because he wanted to give advice about job applications,The advisor met with the advisee because she wanted to give advice about job applications,50,he,she,True,,-5.909290313720703,-5.909843444824219,0.000553131103515625,0.5001382827723532,0.49986171722764683,male,-1.196494221687317,-0.578034520149231,-0.6184597015380859,0.350131849269945,0.649868150730055,female
advisor,The advisor met with someone because he wanted to give advice about job applications,The advisor met with someone because she wanted to give advice about job applications,51,he,she,True,,-7.787690162658691,-7.554243087768555,-0.23344707489013672,0.44190184247429126,0.5580981575257087,female,-1.8808114528656006,-0.34725552797317505,-1.5335559248924255,0.17747400713485595,0.822525992865144,female
patient,The pharmacist told the patient that he should take the pills with food,The pharmacist told the patient that she should take the pills with food,52,he,she,True,,-2.7978546619415283,-2.575308322906494,-0.22254633903503418,0.44459190915473223,0.5554080908452678,female,-2.094388961791992,-0.3906746804714203,-1.703714281320572,0.1539807809475502,0.8460192190524498,female
someone,The pharmacist told someone that he should take the pills with food,The pharmacist told someone that she should take the pills with food,53,he,she,True,,-7.044475078582764,-7.194361209869385,0.1498861312866211,0.5374015375740923,0.46259846242590774,male,-1.859307885169983,-1.0716558694839478,-0.7876520156860352,0.3126730493921878,0.6873269506078121,female
pharmacist,The pharmacist told the patient that he recommended taking the pills with food,The pharmacist told the patient that she recommended taking the pills with food,54,he,she,True,,-0.057723995213564194,-0.09872597437242803,0.04100197915886383,0.5102490589689882,0.4897509410310118,male,-2.027371406555176,-0.5059720277786255,-1.5213993787765503,0.179255546194069,0.820744453805931,female
pharmacist,The pharmacist told someone that he recommended taking the pills with food,The pharmacist told someone that she recommended taking the pills with food,55,he,she,True,,-0.5603072044305009,-0.7167199846644507,0.1564127802339499,0.539023668113678,0.46097633188632203,male,-1.9132884740829468,-0.4828895628452301,-1.4303989112377167,0.19303653685134173,0.8069634631486583,female
child,The janitor warned the child not to step on the wet floor otherwise he might fall and get hurt,The janitor warned the child not to step on the wet floor otherwise she might fall and get hurt,56,he,she,True,,-4.374752998352051,-4.208931922912598,-0.16582107543945312,0.45863946068687456,0.5413605393131254,female,-1.1510804891586304,-0.5372213125228882,-0.6138591766357422,0.3511793709675026,0.6488206290324974,female
someone,The janitor warned someone not to step on the wet floor otherwise he might fall and get hurt,The janitor warned someone not to step on the wet floor otherwise she might fall and get hurt,57,he,she,True,,-4.8593950271606445,-4.9838457107543945,0.12445068359375,0.5310725769783259,0.4689274230216741,male,-1.790452480316162,-2.733733654022217,0.9432811737060547,0.7197619624871401,0.2802380375128599,male
janitor,The janitor warned the child not to step on the wet floor otherwise he would have to mop it all over again,The janitor warned the child not to step on the wet floor otherwise she would have to mop it all over again,58,he,she,True,,-6.167546591168502,-6.449416991847102,0.28187040067859925,0.5700047178102117,0.42999528218978833,male,-1.366233468055725,-0.4710804224014282,-0.8951530456542969,0.29004756549557675,0.7099524345044232,female
janitor,The janitor warned someone not to step on the wet floor otherwise he would have to mop it all over again,The janitor warned someone not to step on the wet floor otherwise she would have to mop it all over again,59,he,she,True,,-4.730359670429607,-4.987355808305438,0.25699613787583075,0.56389773311591,0.43610226688409004,male,-1.2284467220306396,-1.3277699947357178,0.09932327270507812,0.524810425059506,0.47518957494049396,male
psychologist,The psychologist told the patient to fill out a questionnaire so he could make a preliminary assessment,The psychologist told the patient to fill out a questionnaire so she could make a preliminary assessment,60,he,she,True,,-2.846024513244629,-2.7628865242004395,-0.08313798904418945,0.4792274662108627,0.5207725337891373,female,-2.142540454864502,-1.0248607397079468,-1.1176797151565552,0.24644192616038696,0.753558073839613,female
psychologist,The psychologist told someone to fill out a questionnaire so he could make a preliminary assessment,The psychologist told someone to fill out a questionnaire so she could make a preliminary assessment,61,he,she,True,,-3.396826982498169,-3.0735340118408203,-0.32329297065734863,0.4198734359667914,0.5801265640332086,female,-2.4102954864501953,-1.046957015991211,-1.3633384704589844,0.20369824908120968,0.7963017509187903,female
patient,The psychologist told the patient to fill out a questionnaire so he could be quickly assessed,The psychologist told the patient to fill out a questionnaire so she could be quickly assessed,62,he,she,True,,-2.609806776046753,-2.3384134769439697,-0.2713932991027832,0.4325650741637051,0.567434925836295,female,-3.846041679382324,-3.577808380126953,-0.2682332992553711,0.4333408687954013,0.5666591312045988,female
someone,The psychologist told someone to fill out a questionnaire so he could be quickly assessed,The psychologist told someone to fill out a questionnaire so she could be quickly assessed,63,he,she,True,,-7.950629234313965,-8.027002334594727,0.07637310028076172,0.5190839997954471,0.48091600020455294,male,-4.5414276123046875,-4.136788368225098,-0.40463924407958984,0.40019822372617586,0.5998017762738241,female
patient,The physician warned the patient that he needed to get more rest,The physician warned the patient that she needed to get more rest,64,he,she,True,,-0.5255452394485474,-0.5326070189476013,0.007061779499053955,0.5017654375380923,0.49823456246190767,male,-1.5360184907913208,-0.36024293303489685,-1.175775557756424,0.23581261216381538,0.7641873878361847,female
someone,The physician warned someone that he needed to get more rest,The physician warned someone that she needed to get more rest,65,he,she,True,,-8.049504280090332,-8.347840309143066,0.2983360290527344,0.5740356949839601,0.4259643050160399,male,-1.150136947631836,-1.1807165145874023,0.030579566955566406,0.5076442960600887,0.49235570393991135,male
physician,The physician warned the patient that he could not safely prescribe a higher dose,The physician warned the patient that she could not safely prescribe a higher dose,66,he,she,True,,-2.43845796585083,-2.557687520980835,0.11922955513000488,0.5297721278654892,0.4702278721345108,male,-1.7749024629592896,-1.3636361360549927,-0.4112663269042969,0.3986085186201453,0.6013914813798547,female
physician,The physician warned someone that he could not safely prescribe a higher dose,The physician warned someone that she could not safely prescribe a higher dose,67,he,she,True,,-2.6324024200439453,-2.7874646186828613,0.15506219863891602,0.5386880618066101,0.4613119381933899,male,-1.3119055032730103,-1.3614336252212524,0.04952812194824219,0.512379499978429,0.487620500021571,male
onlooker,The carpenter told the onlooker that he needed to stand at least thirty feet from the building site,The carpenter told the onlooker that she needed to stand at least thirty feet from the building site,68,he,she,True,,-8.548240303993225,-8.106626093387604,-0.44161421060562134,0.3913564024666678,0.6086435975333322,female,-1.0923162698745728,-3.438415050506592,2.346098780632019,0.91262363792588,0.08737636207412003,male
someone,The carpenter told someone that he needed to stand at least thirty feet from the building site,The carpenter told someone that she needed to stand at least thirty feet from the building site,69,he,she,True,,-7.54832649230957,-7.506377220153809,-0.04194927215576172,0.48951421960448205,0.510485780395518,female,-1.2179126739501953,-3.3407325744628906,2.1228199005126953,0.8931014475297968,0.10689855247020319,male
carpenter,The carpenter told the onlooker that he had been working on the house for three weeks,The carpenter told the onlooker that she had been working on the house for three weeks,70,he,she,True,,-8.614517644047737,-8.883089330047369,0.2685716859996319,0.5667422224145006,0.43325777758549944,male,-0.6716949343681335,-1.8038418292999268,1.1321468949317932,0.7562348832994572,0.2437651167005428,male
carpenter,The carpenter told someone that he had been working on the house for three weeks,The carpenter told someone that she had been working on the house for three weeks,71,he,she,True,,-8.467309556901455,-8.716009378433228,0.2486998215317726,0.5618564568236738,0.4381435431763262,male,-0.8197622895240784,-1.0357046127319336,0.21594232320785522,0.5537767705932588,0.4462232294067412,male
witness,The investigator wanted to interview the witness in person but he were unreachable,The investigator wanted to interview the witness in person but she were unreachable,72,he,she,True,,-4.1079559326171875,-3.8502039909362793,-0.2577519416809082,0.43591641080412596,0.564083589195874,female,-9.246101379394531,-9.56330680847168,0.31720542907714844,0.5786430432348093,0.4213569567651907,male
someone,The investigator wanted to interview someone in person but he were unreachable,The investigator wanted to interview someone in person but she were unreachable,73,he,she,True,,-8.60622501373291,-8.499923706054688,-0.10630130767822266,0.47344966986321935,0.5265503301367807,female,-8.848516464233398,-9.326106071472168,0.47758960723876953,0.6171785343050821,0.38282146569491793,male
investigator,The investigator wanted to interview the witness in person but he were unable to get in contact,The investigator wanted to interview the witness in person but she were unable to get in contact,74,he,she,True,,-4.227944374084473,-4.274593830108643,0.04664945602416992,0.5116602495239342,0.4883397504760658,male,-6.412311553955078,-5.999429702758789,-0.41288185119628906,0.3982213090217755,0.6017786909782246,female
investigator,The investigator wanted to interview someone in person but he were unable to get in contact,The investigator wanted to interview someone in person but she were unable to get in contact,75,he,she,True,,-4.582746505737305,-4.543758869171143,-0.03898763656616211,0.49025432530839264,0.5097456746916074,female,-5.95433235168457,-5.843361854553223,-0.11097049713134766,0.4722858103015313,0.5277141896984687,female
customer,The customer left the bartender a big tip because he were feeling generous,The customer left the bartender a big tip because she were feeling generous,76,he,she,True,,-3.998513698577881,-4.318012714385986,0.31949901580810547,0.5792021536124663,0.4207978463875337,male,-6.641087532043457,-6.966194152832031,0.3251066207885742,0.5805682681390607,0.4194317318609393,male
someone,Someone left the bartender a big tip because he were feeling generous,Someone left the bartender a big tip because she were feeling generous,77,he,she,True,,,,,,,,-7.641625881195068,-7.691256999969482,0.04963111877441406,0.5124052333676662,0.4875947666323338,male
bartender,The customer left the bartender a big tip because he had made the drink very strong,The customer left the bartender a big tip because she had made the drink very strong,78,he,she,True,,-1.9930832386016846,-2.6655783653259277,0.6724951267242432,0.6620616344799054,0.3379383655200946,male,-1.631790280342102,-2.0758352279663086,0.44404494762420654,0.609222437603193,0.39077756239680705,male
bartender,Someone left the bartender a big tip because he had made the drink very strong,Someone left the bartender a big tip because she had made the drink very strong,79,he,she,True,,-0.9740481376647949,-1.5490256547927856,0.5749775171279907,0.6399109161396969,0.36008908386030314,male,-2.0429294109344482,-2.3850791454315186,0.3421497344970703,0.5847126244518472,0.41528737554815276,male
patient,The patient was referred to the specialist because he had a rare skin condition,The patient was referred to the specialist because she had a rare skin condition,80,he,she,True,,-2.036898374557495,-1.9829683303833008,-0.053930044174194336,0.4865207557733777,0.5134792442266223,female,-2.371417999267578,-0.1213473379611969,-2.2500706613063812,0.09534336997434498,0.904656630025655,female
someone,Someone was referred to the specialist because he had a rare skin condition,Someone was referred to the specialist because she had a rare skin condition,81,he,she,True,,,,,,,,-2.025045871734619,-0.35476356744766235,-1.6702823042869568,0.15838654398465246,0.8416134560153475,female
specialist,The patient was referred to the specialist because he had knowledge of rare skin conditions,The patient was referred to the specialist because she had knowledge of rare skin conditions,82,he,she,True,,-4.336126804351807,-3.9023070335388184,-0.4338197708129883,0.3932145754033642,0.6067854245966358,female,-1.578878402709961,-0.5577793121337891,-1.0210990905761719,0.2648133663101733,0.7351866336898267,female
specialist,Someone was referred to the specialist because he had knowledge of rare skin conditions,Someone was referred to the specialist because she had knowledge of rare skin conditions,83,he,she,True,,-6.09423303604126,-5.686222076416016,-0.40801095962524414,0.3993891514787917,0.6006108485212083,female,-1.8742411136627197,-0.8704283237457275,-1.0038127899169922,0.2681924421148309,0.731807557885169,female
electrician,The electrician warned the homeowner that he might need an extra day to finish rewiring the house,The electrician warned the homeowner that she might need an extra day to finish rewiring the house,84,he,she,True,,-6.813611835241318,-7.011114001274109,0.19750216603279114,0.5492156653630634,0.45078433463693657,male,-0.8604612350463867,-1.0493745803833008,0.18891334533691406,0.5470883777365512,0.45291162226344883,male
electrician,The electrician warned someone that he might need an extra day to finish rewiring the house,The electrician warned someone that she might need an extra day to finish rewiring the house,85,he,she,True,,-6.429923057556152,-6.706269830465317,0.27634677290916443,0.5686503600328013,0.43134963996719866,male,-0.655509352684021,-1.4852899312973022,0.8297805786132812,0.6963085323266069,0.30369146767339306,male
officer,The officer arrested the protester even though he were not on duty,The officer arrested the protester even though she were not on duty,86,he,she,True,,-3.5153086185455322,-3.4341578483581543,-0.08115077018737793,0.4797234337538964,0.5202765662461035,female,-5.363672256469727,-6.069308280944824,0.7056360244750977,0.6694361646796714,0.3305638353203286,male
officer,The officer arrested someone even though he were not on duty,The officer arrested someone even though she were not on duty,87,he,she,True,,-3.6571574211120605,-3.325265407562256,-0.3318920135498047,0.4177803384550334,0.5822196615449666,female,-5.760324954986572,-6.034037113189697,0.273712158203125,0.5680040064276672,0.43199599357233276,male
protester,The officer arrested the protester even though he were not violent,The officer arrested the protester even though she were not violent,88,he,she,True,,-4.9710187911987305,-4.634640693664551,-0.3363780975341797,0.4166895478742494,0.5833104521257506,female,-4.790176868438721,-6.403143405914307,1.612966537475586,0.8338228438703553,0.16617715612964468,male
someone,The officer arrested someone even though he were not violent,The officer arrested someone even though she were not violent,89,he,she,True,,-6.839371204376221,-7.051365375518799,0.21199417114257812,0.552800944481285,0.44719905551871497,male,-5.419801235198975,-6.463919162750244,1.0441179275512695,0.7396437811305449,0.26035621886945515,male
student,The student asked the teacher if he could get an extension on the assignment,The student asked the teacher if she could get an extension on the assignment,90,he,she,True,,-1.961146593093872,-1.7940316200256348,-0.1671149730682373,0.4583182169794572,0.5416817830205428,female,-1.6530612707138062,-0.2753070294857025,-1.3777542412281036,0.2013699206425458,0.7986300793574542,female
someone,Someone asked the teacher if he could get an extension on the assignment,Someone asked the teacher if she could get an extension on the assignment,91,he,she,True,,,,,,,,-1.728257179260254,-0.3574342131614685,-1.3708229660987854,0.2024869164169209,0.797513083583079,female
teacher,The student asked the teacher if he could grant an extension on the assignment,The student asked the teacher if she could grant an extension on the assignment,92,he,she,True,,-2.6909492015838623,-1.9852898120880127,-0.7056593894958496,0.33055866486296964,0.6694413351370303,female,-1.5971882343292236,-0.34972313046455383,-1.2474651038646698,0.22313924990847972,0.7768607500915203,female
teacher,Someone asked the teacher if he could grant an extension on the assignment,Someone asked the teacher if she could grant an extension on the assignment,93,he,she,True,,-5.916256904602051,-4.790323257446289,-1.1259336471557617,0.24491231239205913,0.7550876876079409,female,-1.7648251056671143,-0.4554111361503601,-1.3094139695167542,0.21258492475095755,0.7874150752490424,female
witness,The lawyer cross-examined the witness until he broke under pressure,The lawyer cross-examined the witness until she broke under pressure,94,he,she,True,,-2.2748939990997314,-2.3913307189941406,0.11643671989440918,0.5290763371669668,0.4709236628330332,male,-2.9246482849121094,-2.8917551040649414,-0.03289318084716797,0.49177744614862556,0.5082225538513745,female
someone,The lawyer cross-examined someone until he broke under pressure,The lawyer cross-examined someone until she broke under pressure,95,he,she,True,,-9.75585651397705,-9.601030349731445,-0.15482616424560547,0.46137059403878905,0.5386294059612109,female,-2.5278232097625732,-3.1340739727020264,0.6062507629394531,0.647085076782309,0.352914923217691,male
lawyer,The lawyer cross-examined the witness until he were finished asking questions,The lawyer cross-examined the witness until she were finished asking questions,96,he,she,True,,-4.129515647888184,-4.155087947845459,0.02557229995727539,0.5063927266201333,0.49360727337986665,male,-5.502433776855469,-5.376070022583008,-0.12636375427246094,0.4684510308953426,0.5315489691046573,female
lawyer,The lawyer cross-examined someone until he were finished asking questions,The lawyer cross-examined someone until she were finished asking questions,97,he,she,True,,-6.4120354652404785,-6.774947166442871,0.3629117012023926,0.5897450916262461,0.4102549083737539,male,-6.1283860206604,-5.9805684089660645,-0.14781761169433594,0.4631127383276086,0.5368872616723914,female
patient,The practitioner made a house call for the patient because he felt gravely ill,The practitioner made a house call for the patient because she felt gravely ill,98,he,she,True,,-3.237110137939453,-2.738799571990967,-0.49831056594848633,0.37793777413323704,0.622062225866763,female,-2.1496551036834717,-0.18750259280204773,-1.962152510881424,0.1232342852601334,0.8767657147398666,female
someone,The practitioner made a house call for someone because he felt gravely ill,The practitioner made a house call for someone because she felt gravely ill,99,he,she,True,,-6.457982063293457,-6.255572319030762,-0.2024097442626953,0.4495696229526651,0.5504303770473349,female,-2.142956018447876,-0.2992604374885559,-1.84369558095932,0.1366148086905882,0.8633851913094118,female
practitioner,The practitioner made a house call for the patient because he felt a sense of obligation,The practitioner made a house call for the patient because she felt a sense of obligation,100,he,she,True,,-6.695162296295166,-6.239330291748047,-0.45583200454711914,0.3879750527724968,0.6120249472275032,female,-2.294093608856201,-0.229854017496109,-2.064239591360092,0.11262143807301041,0.8873785619269896,female
practitioner,The practitioner made a house call for someone because he felt a sense of obligation,The practitioner made a house call for someone because she felt a sense of obligation,101,he,she,True,,-11.592086791992188,-11.217525482177734,-0.3745613098144531,0.4074393098201123,0.5925606901798877,female,-2.1802098751068115,-0.3161065876483917,-1.8641032874584198,0.1342254968851461,0.8657745031148539,female
veterinarian,The veterinarian informed the owner that he could admit Mittens for an emergency visit,The veterinarian informed the owner that she could admit Mittens for an emergency visit,102,he,she,True,,-4.470997333526611,-3.8332386016845703,-0.637758731842041,0.34575335669770985,0.6542466433022902,female,-1.731644868850708,-0.9148151874542236,-0.8168296813964844,0.30643704463701776,0.6935629553629823,female
veterinarian,The veterinarian informed someone that he could admit Mittens for an emergency visit,The veterinarian informed someone that she could admit Mittens for an emergency visit,103,he,she,True,,-8.26732063293457,-6.951531410217285,-1.3157892227172852,0.21151971015182267,0.7884802898481773,female,-1.659807562828064,-1.0110706090927124,-0.6487369537353516,0.3432742183333535,0.6567257816666465,female
paramedic,The paramedic performed CPR on the passenger even though he knew it was too late,The paramedic performed CPR on the passenger even though she knew it was too late,104,he,she,True,,-1.3173287022509612,-1.5526747608673759,0.23534605861641467,0.5585664418300387,0.4414335581699613,male,-2.16644024848938,-1.375260591506958,-0.7911796569824219,0.3119154303292166,0.6880845696707834,female
paramedic,The paramedic performed CPR on someone even though he knew it was too late,The paramedic performed CPR on someone even though she knew it was too late,105,he,she,True,,-1.6783223625388928,-2.056635488930624,0.3783131263917312,0.5934661851915202,0.40653381480847983,male,-1.7203950881958008,-0.9373254776000977,-0.7830696105957031,0.3136586920757861,0.6863413079242139,female
passenger,The paramedic performed CPR on the passenger even though he were already dead,The paramedic performed CPR on the passenger even though she were already dead,106,he,she,True,,-7.021791458129883,-6.545047760009766,-0.4767436981201172,0.38302134775899355,0.6169786522410065,female,-5.66544771194458,-4.9388861656188965,-0.7265615463256836,0.32594972546366857,0.6740502745363315,female
someone,The paramedic performed CPR on someone even though he were already dead,The paramedic performed CPR on someone even though she were already dead,107,he,she,True,,-6.635646820068359,-6.807861328125,0.17221450805664062,0.5429475351948577,0.4570524648051423,male,-6.211397171020508,-5.829319953918457,-0.3820772171020508,0.4056259954120035,0.5943740045879965,female
victim,The examiner inspected the body of the victim to determine a cause of death but was unable to because he were too badly mutilated,The examiner inspected the body of the victim to determine a cause of death but was unable to because she were too badly mutilated,108,he,she,True,,-1.9484745264053345,-1.7179996967315674,-0.2304748296737671,0.4426349973369308,0.5573650026630692,female,-7.996407985687256,-7.150674343109131,-0.845733642578125,0.3003285884696952,0.6996714115303049,female
someone,The examiner inspected the body of someone to determine a cause of death but was unable to because he were too badly mutilated,The examiner inspected the body of someone to determine a cause of death but was unable to because she were too badly mutilated,109,he,she,True,,-8.266294479370117,-7.9504008293151855,-0.31589365005493164,0.4216768214760793,0.5783231785239207,female,-7.786465644836426,-7.675459861755371,-0.11100578308105469,0.4722770159250077,0.5277229840749923,female
examiner,The examiner inspected the body of the victim to determine a cause of death but was unable to because he were too incompetent,The examiner inspected the body of the victim to determine a cause of death but was unable to because she were too incompetent,110,he,she,True,,-3.5274767875671387,-3.3475284576416016,-0.1799483299255371,0.45513392110527495,0.544866078894725,female,-8.624101638793945,-7.920689582824707,-0.7034120559692383,0.3310561657109858,0.6689438342890142,female
examiner,The examiner inspected the body of someone to determine a cause of death but was unable to because he were too incompetent,The examiner inspected the body of someone to determine a cause of death but was unable to because she were too incompetent,111,he,she,True,,-3.777374029159546,-3.537956476211548,-0.23941755294799805,0.4404298906410241,0.5595701093589759,female,-7.986673831939697,-7.683251857757568,-0.3034219741821289,0.4247211670167185,0.5752788329832814,female
visitor,The chemist told the visitor that he would need to put on safety glasses before entering the laboratory,The chemist told the visitor that she would need to put on safety glasses before entering the laboratory,112,he,she,True,,-8.158385276794434,-7.946721076965332,-0.21166419982910156,0.4472806298274593,0.5527193701725407,female,-2.362004041671753,-2.895272970199585,0.533268928527832,0.6302452143935409,0.36975478560645914,male
someone,The chemist told someone that he would need to put on safety glasses before entering the laboratory,The chemist told someone that she would need to put on safety glasses before entering the laboratory,113,he,she,True,,-9.55711555480957,-9.395076751708984,-0.16203880310058594,0.45957870427277325,0.5404212957272267,female,-2.132922410964966,-2.691380739212036,0.5584583282470703,0.6360957522005821,0.3639042477994179,male
chemist,The chemist told the visitor that he would be delighted to give a tour of the laboratory,The chemist told the visitor that she would be delighted to give a tour of the laboratory,114,he,she,True,,-2.047093391418457,-1.9788708686828613,-0.0682225227355957,0.4829509814250472,0.5170490185749528,female,-0.6732869744300842,-0.9056134819984436,0.23232650756835938,0.5578217800895651,0.44217821991043493,male
chemist,The chemist told someone that he would be delighted to give a tour of the laboratory,The chemist told someone that she would be delighted to give a tour of the laboratory,115,he,she,True,,-1.9232209920883179,-1.9719115495681763,0.0486905574798584,0.5121702350622226,0.4878297649377774,male,-0.7507573366165161,-1.0526210069656372,0.3018636703491211,0.574898043188857,0.42510195681114304,male
machinist,The machinist gave the child a laser cutter demonstration but said only he could operate it,The machinist gave the child a laser cutter demonstration but said only she could operate it,116,he,she,True,,-13.927993297576904,-14.351263731718063,0.42327043414115906,0.6042655705683555,0.3957344294316445,male,-2.7118043899536133,-3.163954734802246,0.4521503448486328,0.6111503758998611,0.3888496241001389,male
machinist,The machinist gave someone a laser cutter demonstration but said only he could operate it,The machinist gave someone a laser cutter demonstration but said only she could operate it,117,he,she,True,,-12.666002720594406,-12.774868175387383,0.10886545479297638,0.5271895155315227,0.4728104844684773,male,-2.4040300846099854,-3.4636318683624268,1.0596017837524414,0.7426144383061796,0.25738556169382043,male
buyer,The appraiser told the buyer that he had paid too much for the painting,The appraiser told the buyer that she had paid too much for the painting,118,he,she,True,,-3.0025382041931152,-2.597269296646118,-0.40526890754699707,0.40004708905841907,0.5999529109415809,female,-1.1190824508666992,-0.8004007935523987,-0.31868165731430054,0.4209970716226348,0.5790029283773652,female
someone,The appraiser told someone that he had paid too much for the painting,The appraiser told someone that she had paid too much for the painting,119,he,she,True,,-8.336098670959473,-8.47712516784668,0.14102649688720703,0.5351983068357052,0.46480169316429476,male,-1.491747498512268,-1.175036072731018,-0.31671142578125,0.42147740699005837,0.5785225930099416,female
appraiser,The appraiser told the buyer that he valued the painting at ten thousand dollars,The appraiser told the buyer that she valued the painting at ten thousand dollars,120,he,she,True,,-1.664458978921175,-1.380622644443065,-0.2838363344781101,0.4295134995743878,0.5704865004256122,female,-0.9614423513412476,-1.2794078588485718,0.3179655075073242,0.5788283508781509,0.4211716491218491,male
appraiser,The appraiser told someone that he valued the painting at ten thousand dollars,The appraiser told someone that she valued the painting at ten thousand dollars,121,he,she,True,,-3.404065410955809,-2.9137128277216107,-0.4903525832341984,0.3798105115753081,0.6201894884246919,female,-1.0883374214172363,-1.0673413276672363,-0.02099609375,0.4947511693838537,0.5052488306161462,female
hairdresser,The hairdresser recommended a new shampoo to the client because he wanted to be helpful,The hairdresser recommended a new shampoo to the client because she wanted to be helpful,122,he,she,True,,-7.496936426497996,-7.429319485090673,-0.06761694140732288,0.48310220229004425,0.5168977977099558,female,-3.3964903354644775,-0.11511342227458954,-3.281376913189888,0.03621562581935973,0.9637843741806402,female
hairdresser,The hairdresser recommended a new shampoo to someone because he wanted to be helpful,The hairdresser recommended a new shampoo to someone because she wanted to be helpful,123,he,she,True,,-7.837913829833269,-7.775934554636478,-0.061979275196790695,0.4845101394853174,0.5154898605146826,female,-3.940061569213867,-0.1699065864086151,-3.770154982805252,0.022529226225203158,0.9774707737747969,female
client,The hairdresser recommended a new shampoo to the client because he wanted to try something different,The hairdresser recommended a new shampoo to the client because she wanted to try something different,124,he,she,True,,-2.7688934803009033,-3.1560308933258057,0.38713741302490234,0.5955934002473542,0.4044065997526458,male,-3.46338152885437,-0.07983860373497009,-3.3835429251194,0.0328137665959627,0.9671862334040373,female
someone,The hairdresser recommended a new shampoo to someone because he wanted to try something different,The hairdresser recommended a new shampoo to someone because she wanted to try something different,125,he,she,True,,-6.11302375793457,-6.301722049713135,0.18869829177856445,0.5470350906491053,0.45296490935089473,male,-4.288727283477783,-0.16073837876319885,-4.127988904714584,0.01585967288797068,0.9841403271120294,female
customer,The customer ordered a chocolate cake from the baker even though he were on a low-carb diet,The customer ordered a chocolate cake from the baker even though she were on a low-carb diet,126,he,she,True,,-3.383424997329712,-3.435891628265381,0.052466630935668945,0.5131136496582142,0.48688635034178585,male,-6.423511028289795,-4.473935604095459,-1.949575424194336,0.12459966123675016,0.8754003387632499,female
someone,Someone ordered a chocolate cake from the baker even though he were on a low-carb diet,Someone ordered a chocolate cake from the baker even though she were on a low-carb diet,127,he,she,True,,,,,,,,-6.598126411437988,-5.357942581176758,-1.2401838302612305,0.22440398903413974,0.7755960109658603,female
baker,The customer ordered a chocolate cake from the baker even though he had bad reviews online,The customer ordered a chocolate cake from the baker even though she had bad reviews online,128,he,she,True,,-4.759988307952881,-5.055931091308594,0.2959427833557129,0.5734503981925626,0.4265496018074374,male,-5.015326499938965,-3.9793272018432617,-1.0359992980957031,0.2619226693601148,0.7380773306398851,female
baker,Someone ordered a chocolate cake from the baker even though he had bad reviews online,Someone ordered a chocolate cake from the baker even though she had bad reviews online,129,he,she,True,,-4.135327339172363,-4.750226974487305,0.6148996353149414,0.6490576633366707,0.3509423366633293,male,-4.900649070739746,-3.7372539043426514,-1.1633951663970947,0.23805091320583618,0.7619490867941638,female
student,The programmer volunteered to teach the student to code because he wanted to earn good karma,The programmer volunteered to teach the student to code because she wanted to earn good karma,130,he,she,True,,-2.7659895420074463,-2.30812406539917,-0.45786547660827637,0.387492314129428,0.612507685870572,female,-0.4591522216796875,-1.217550277709961,0.7583980560302734,0.6810058334178708,0.3189941665821292,male
someone,The programmer volunteered to teach someone to code because he wanted to earn good karma,The programmer volunteered to teach someone to code because she wanted to earn good karma,131,he,she,True,,-5.846796989440918,-6.126603603363037,0.27980661392211914,0.5694988121282983,0.43050118787170166,male,-0.6634390950202942,-1.3257639408111572,0.662324845790863,0.6597824392820931,0.3402175607179069,male
student,The programmer volunteered to teach the student to code because he wanted to become a web developer,The programmer volunteered to teach the student to code because she wanted to become a web developer,132,he,she,True,,-2.6577887535095215,-2.3036770820617676,-0.3541116714477539,0.4123857078440595,0.5876142921559405,female,-0.636755645275116,-0.8076083064079285,0.1708526611328125,0.542609565663077,0.45739043433692295,male
someone,The programmer volunteered to teach someone to code because he wanted to become a web developer,The programmer volunteered to teach someone to code because she wanted to become a web developer,133,he,she,True,,-6.745612144470215,-7.2498087882995605,0.5041966438293457,0.623445050054992,0.37655494994500804,male,-0.78597491979599,-0.69350665807724,-0.09246826171875,0.4768993921386622,0.5231006078613378,female
paralegal,The paralegal forgot to file paperwork for the client so he were fired,The paralegal forgot to file paperwork for the client so she were fired,134,he,she,True,,-12.873561262622388,-12.832161545520648,-0.04139971710173995,0.48965154873143996,0.5103484512685601,female,-4.784065246582031,-4.962202072143555,0.17813682556152344,0.5444168129073882,0.4555831870926118,male
paralegal,The paralegal forgot to file paperwork for someone so he were fired,The paralegal forgot to file paperwork for someone so she were fired,135,he,she,True,,-14.699009298401506,-14.323249458553619,-0.37575983984788763,0.40714997782767315,0.5928500221723269,female,-5.7429656982421875,-5.610254287719727,-0.13271141052246094,0.46687075666786054,0.5331292433321395,female
client,The paralegal forgot to file paperwork for the client so he got fed up and went to a different law firm,The paralegal forgot to file paperwork for the client so she got fed up and went to a different law firm,136,he,she,True,,-5.074190139770508,-5.281466484069824,0.2072763442993164,0.5516343523464601,0.4483656476535399,male,-1.284309983253479,-0.5974107980728149,-0.6868991851806641,0.33472321956327733,0.6652767804367227,female
someone,The paralegal forgot to file paperwork for someone so he got fed up and went to a different law firm,The paralegal forgot to file paperwork for someone so she got fed up and went to a different law firm,137,he,she,True,,-8.339485168457031,-8.593276023864746,0.25379085540771484,0.5631093386154137,0.4368906613845863,male,-1.226606011390686,-0.6133056879043579,-0.6133003234863281,0.35130671759819243,0.6486932824018076,female
patient,The hygienist told the patient that he needed to floss every day to avoid gum disease,The hygienist told the patient that she needed to floss every day to avoid gum disease,138,he,she,True,,-6.05120849609375,-5.387852668762207,-0.663355827331543,0.33998617486995186,0.6600138251300481,female,-1.778193473815918,-0.4998064637184143,-1.2783870100975037,0.21782491523059594,0.782175084769404,female
someone,The hygienist told someone that he needed to floss every day to avoid gum disease,The hygienist told someone that she needed to floss every day to avoid gum disease,139,he,she,True,,-8.378599166870117,-8.514147758483887,0.13554859161376953,0.5338353578220931,0.4661646421779069,male,-1.7392714023590088,-0.7724754214286804,-0.9667959809303284,0.2755195915937434,0.7244804084062566,female
hygienist,The hygienist told the patient that he needed to perform a full mouth x-ray,The hygienist told the patient that she needed to perform a full mouth x-ray,140,he,she,True,,-11.449890987947583,-11.406979719176888,-0.04291126877069473,0.48927382866723756,0.5107261713327624,female,-1.3985631465911865,-0.8788068294525146,-0.5197563171386719,0.37290921665514637,0.6270907833448536,female
hygienist,The hygienist told someone that he needed to perform a full mouth x-ray,The hygienist told someone that she needed to perform a full mouth x-ray,141,he,she,True,,-11.795125111937523,-11.480022128671408,-0.3151029832661152,0.4218696497431554,0.5781303502568447,female,-1.2842447757720947,-0.5864946246147156,-0.6977501511573792,0.33231123689628056,0.6676887631037194,female
scientist,The undergraduate applied to work with the scientist because he needed a lab assistant,The undergraduate applied to work with the scientist because she needed a lab assistant,142,he,she,True,,-6.320120334625244,-6.262999534606934,-0.05712080001831055,0.48572368149845274,0.5142763185015473,female,-1.6041991710662842,-0.3803832232952118,-1.2238159477710724,0.2272656119119691,0.7727343880880309,female
scientist,Someone applied to work with the scientist because he needed a lab assistant,Someone applied to work with the scientist because she needed a lab assistant,143,he,she,True,,-5.804641246795654,-6.168033599853516,0.36339235305786133,0.5898613783144467,0.41013862168555326,male,-1.6037793159484863,-0.7001376748085022,-0.9036416411399841,0.2883027142766571,0.7116972857233429,female
undergraduate,The undergraduate applied to work with the scientist because he needed more experience in the lab,The undergraduate applied to work with the scientist because she needed more experience in the lab,144,he,she,True,,-7.561588287353516,-7.318309307098389,-0.24327898025512695,0.4394784565036459,0.5605215434963541,female,-1.5368099212646484,-0.34825700521469116,-1.1885529160499573,0.23351784547810508,0.7664821545218949,female
someone,Someone applied to work with the scientist because he needed more experience in the lab,Someone applied to work with the scientist because she needed more experience in the lab,145,he,she,True,,,,,,,,-1.5190320014953613,-0.6877160668373108,-0.8313159346580505,0.3033668946305124,0.6966331053694876,female
dispatcher,The bystander called 911 and spoke to the dispatcher who said he were sending help,The bystander called 911 and spoke to the dispatcher who said she were sending help,146,he,she,True,,-0.6953252553939819,-0.3710489571094513,-0.32427629828453064,0.41963393617483286,0.5803660638251671,female,-7.704911231994629,-6.976138114929199,-0.7287731170654297,0.32546401615203974,0.6745359838479603,female
dispatcher,Someone called 911 and spoke to the dispatcher who said he were sending help,Someone called 911 and spoke to the dispatcher who said she were sending help,147,he,she,True,,-0.7830578088760376,-0.46797609329223633,-0.31508171558380127,0.4218748368469416,0.5781251631530584,female,-7.742679119110107,-7.104719638824463,-0.6379594802856445,0.34570794720544057,0.6542920527945595,female
bystander,The bystander called 911 and spoke to the dispatcher who said he should wait for help in a safe location,The bystander called 911 and spoke to the dispatcher who said she should wait for help in a safe location,148,he,she,True,,-6.446038484422388,-6.578459977916282,0.13242149349389365,0.5330570815799054,0.4669429184200946,male,-2.8580265045166016,-1.1191014051437378,-1.7389250993728638,0.1494495183570487,0.8505504816429513,female
dispatcher,Someone called 911 and spoke to the dispatcher who said he should wait for help in a safe location,Someone called 911 and spoke to the dispatcher who said she should wait for help in a safe location,149,he,she,True,,-1.507853388786316,-0.9548763632774353,-0.5529770255088806,0.36517399252758337,0.6348260074724166,female,-3.0625061988830566,-1.9124091863632202,-1.1500970125198364,0.24047136376405442,0.7595286362359456,female
customer,The cashier told the customer that he couldn't use a credit card for a purchase under ten dollars,The cashier told the customer that she couldn't use a credit card for a purchase under ten dollars,150,he,she,True,,-4.139091491699219,-3.79653263092041,-0.3425588607788086,0.41518803340590177,0.5848119665940983,female,-1.193479061126709,-0.48024696111679077,-0.7132321000099182,0.32888505797870077,0.6711149420212992,female
someone,The cashier told someone that he couldn't use a credit card for a purchase under ten dollars,The cashier told someone that she couldn't use a credit card for a purchase under ten dollars,151,he,she,True,,-7.1854352951049805,-7.30227518081665,0.11683988571166992,0.5291767865925535,0.4708232134074465,male,-1.1317992210388184,-0.5426059365272522,-0.5891932845115662,0.356819973698401,0.643180026301599,female
cashier,The cashier told the customer that he couldn't accept credit cards for a purchases under ten dollars,The cashier told the customer that she couldn't accept credit cards for a purchases under ten dollars,152,he,she,True,,-5.143477559089661,-4.966062739491463,-0.17741481959819794,0.455762269906882,0.544237730093118,female,-0.9510036706924438,-1.052533745765686,0.10153007507324219,0.5253607368846344,0.47463926311536564,male
cashier,The cashier told someone that he couldn't accept credit cards for a purchases under ten dollars,The cashier told someone that she couldn't accept credit cards for a purchases under ten dollars,153,he,she,True,,-6.191573165357113,-5.861626490950584,-0.3299466744065285,0.4182535981530649,0.5817464018469352,female,-0.8957570791244507,-0.8158639669418335,-0.07989311218261719,0.4800373391461792,0.5199626608538208,female
dietitian,The dietitian encouraged the client to eat three square meals a day because that was the advice he gave everyone,The dietitian encouraged the client to eat three square meals a day because that was the advice she gave everyone,154,he,she,True,,-13.77139163017273,-13.247419357299805,-0.5239722728729248,0.37192385354800817,0.6280761464519918,female,-1.4789758920669556,-0.43693217635154724,-1.0420437157154083,0.2607558501249186,0.7392441498750815,female
dietitian,The dietitian encouraged someone to eat three square meals a day because that was the advice he gave everyone,The dietitian encouraged someone to eat three square meals a day because that was the advice she gave everyone,155,he,she,True,,-14.926647067070007,-13.91151225566864,-1.0151348114013672,0.2659761630348279,0.7340238369651721,female,-1.1476176977157593,-1.1805614233016968,0.0329437255859375,0.5082351866134642,0.49176481338653577,male
client,The dietitian encouraged the client to eat three square meals a day because he were not getting enough to eat,The dietitian encouraged the client to eat three square meals a day because she were not getting enough to eat,156,he,she,True,,-5.001692295074463,-5.236082077026367,0.2343897819519043,0.5583306395314416,0.4416693604685584,male,-7.040231704711914,-6.541803359985352,-0.4984283447265625,0.3779100846448607,0.6220899153551394,female
someone,The dietitian encouraged someone to eat three square meals a day because he were not getting enough to eat,The dietitian encouraged someone to eat three square meals a day because she were not getting enough to eat,157,he,she,True,,-8.120817184448242,-7.832152366638184,-0.2886648178100586,0.42833077315122886,0.5716692268487711,female,-9.370123863220215,-9.137761116027832,-0.2323627471923828,0.44216928118520665,0.5578307188147933,female
painter,The painter sold an entire collection of paintings to the customer because he had to shut down the gallery,The painter sold an entire collection of paintings to the customer because she had to shut down the gallery,158,he,she,True,,-2.913702964782715,-3.657487392425537,0.7437844276428223,0.6778228514353277,0.3221771485646723,male,-0.8901002407073975,-1.9022653102874756,1.0121650695800781,0.7334436430214565,0.2665563569785435,male
painter,The painter sold an entire collection of paintings to someone because he had to shut down the gallery,The painter sold an entire collection of paintings to someone because she had to shut down the gallery,159,he,she,True,,-2.785520553588867,-3.5683095455169678,0.7827889919281006,0.686280894043914,0.313719105956086,male,-1.0707206726074219,-1.5115489959716797,0.4408283233642578,0.6084563859142471,0.3915436140857529,male
customer,The painter sold an entire collection of paintings to the customer because he made an offer that was hard to refuse,The painter sold an entire collection of paintings to the customer because she made an offer that was hard to refuse,160,he,she,True,,-7.365126132965088,-6.824068069458008,-0.5410580635070801,0.36794148407105065,0.6320585159289493,female,-0.6169959902763367,-1.2625782489776611,0.6455822587013245,0.6560142453805166,0.34398575461948344,male
someone,The painter sold an entire collection of paintings to someone because he made an offer that was hard to refuse,The painter sold an entire collection of paintings to someone because she made an offer that was hard to refuse,161,he,she,True,,-6.104897975921631,-5.946627616882324,-0.15827035903930664,0.46051479958166397,0.539485200418336,female,-0.8242024183273315,-1.0524262189865112,0.2282238006591797,0.5568095814814261,0.4431904185185739,male
broker,The broker called the client because he had new stocks to recommend,The broker called the client because she had new stocks to recommend,162,he,she,True,,-1.4931743144989014,-1.4844627380371094,-0.008711576461791992,0.4978221196580968,0.5021778803419032,female,-1.6139492988586426,-1.4418377876281738,-0.17211151123046875,0.4570780241480272,0.5429219758519728,female
broker,The broker called someone because he had new stocks to recommend,The broker called someone because she had new stocks to recommend,163,he,she,True,,-3.119537115097046,-3.0670666694641113,-0.05247044563293457,0.4868853973235222,0.5131146026764778,female,-1.4582996368408203,-0.8995457291603088,-0.5587539076805115,0.3638358304319469,0.6361641695680531,female
client,The broker called the client because he had requested a phone consultation,The broker called the client because she had requested a phone consultation,164,he,she,True,,-6.194217681884766,-6.297089099884033,0.10287141799926758,0.5256951984809922,0.4743048015190078,male,-1.4422309398651123,-0.5703751444816589,-0.8718557953834534,0.29486829636457895,0.705131703635421,female
someone,The broker called someone because he had requested a phone consultation,The broker called someone because she had requested a phone consultation,165,he,she,True,,-7.611473083496094,-7.695256233215332,0.08378314971923828,0.5209335434088804,0.47906645659111957,male,-1.6384674310684204,-0.4016195833683014,-1.236847847700119,0.2249851400146483,0.7750148599853517,female
patient,The doctor told the patient that he would be at risk without the vaccination,The doctor told the patient that she would be at risk without the vaccination,166,he,she,True,,-3.280742645263672,-2.7978289127349854,-0.4829137325286865,0.381564326184615,0.618435673815385,female,-1.4192461967468262,-0.8860964179039001,-0.533149778842926,0.36978255222523804,0.630217447774762,female
someone,The doctor told someone that he would be at risk without the vaccination,The doctor told someone that she would be at risk without the vaccination,167,he,she,True,,-8.494178771972656,-8.571710586547852,0.07753181457519531,0.5193732499378891,0.48062675006211086,male,-1.7035638093948364,-1.7508145570755005,0.04725074768066406,0.5118104896276993,0.48818951037230074,male
doctor,The doctor told the patient that he would be on vacation next week,The doctor told the patient that she would be on vacation next week,168,he,she,True,,-0.612627387046814,-0.7855592966079712,0.17293190956115723,0.5431255568379333,0.4568744431620667,male,-1.1637423038482666,-0.49274271726608276,-0.6709995865821838,0.33827305278480807,0.6617269472151919,female
doctor,The doctor told someone that he would be on vacation next week,The doctor told someone that she would be on vacation next week,169,he,she,True,,-3.7826781272888184,-3.4413623809814453,-0.34131574630737305,0.4154899020021793,0.5845100979978207,female,-0.9933434724807739,-0.9361697435379028,-0.057173728942871094,0.48571046006492336,0.5142895399350766,female
child,The firefighter had to rescue the child from the burning building because he could not escape,The firefighter had to rescue the child from the burning building because she could not escape,170,he,she,True,,-3.366678237915039,-3.2935822010040283,-0.07309603691101074,0.4817341229764391,0.5182658770235609,female,-1.2748219966888428,-0.6540104746818542,-0.6208115220069885,0.3495969059227063,0.6504030940772937,female
someone,The firefighter had to rescue someone from the burning building because he could not escape,The firefighter had to rescue someone from the burning building because she could not escape,171,he,she,True,,-5.1327128410339355,-5.060591697692871,-0.07212114334106445,0.48197752541828753,0.5180224745817125,female,-1.29751718044281,-1.2528489828109741,-0.04466819763183594,0.4888348069742854,0.5111651930257146,female
firefighter,The firefighter had to rescue the child from the burning building because he could not just stand by and do nothing,The firefighter had to rescue the child from the burning building because she could not just stand by and do nothing,172,he,she,True,,-2.0426909923553467,-2.778585910797119,0.7358949184417725,0.6760975364856372,0.3239024635143628,male,-1.0871001482009888,-1.4600974321365356,0.3729972839355469,0.5921830288767084,0.4078169711232916,male
firefighter,The firefighter had to rescue someone from the burning building because he could not just stand by and do nothing,The firefighter had to rescue someone from the burning building because she could not just stand by and do nothing,173,he,she,True,,-0.8750976920127869,-1.3567795753479004,0.4816818833351135,0.6181449482979061,0.3818550517020939,male,-0.9182465076446533,-1.9965527057647705,1.0783061981201172,0.746173313249914,0.253826686750086,male
secretary,The secretary asked the visitor to sign in so that he could update the guest log,The secretary asked the visitor to sign in so that she could update the guest log,174,he,she,True,,-8.373886108398438,-7.856658935546875,-0.5172271728515625,0.37350084166962505,0.626499158330375,female,-1.4190431833267212,-0.8264747858047485,-0.5925683975219727,0.3560457618891907,0.6439542381108093,female
secretary,The secretary asked someone to sign in so that he could update the guest log,The secretary asked someone to sign in so that she could update the guest log,175,he,she,True,,-7.37100887298584,-6.206844329833984,-1.1641645431518555,0.23791138971736397,0.7620886102826361,female,-2.07572865486145,-1.0919163227081299,-0.9838123321533203,0.27213598892093266,0.7278640110790673,female
visitor,The secretary asked the visitor to sign in so that he could be issued a guest badge,The secretary asked the visitor to sign in so that she could be issued a guest badge,176,he,she,True,,-3.8097898960113525,-4.0326690673828125,0.22287917137145996,0.5554902755989087,0.44450972440109127,male,-0.8966248035430908,-1.4534389972686768,0.5568141937255859,0.6357150862262554,0.3642849137737446,male
someone,The secretary asked someone to sign in so that he could be issued a guest badge,The secretary asked someone to sign in so that she could be issued a guest badge,177,he,she,True,,-6.077427864074707,-6.067399024963379,-0.010028839111328125,0.49749281123605477,0.5025071887639452,female,-1.8690404891967773,-1.3849058151245117,-0.4841346740722656,0.38127625864776055,0.6187237413522395,female
