sent_m,sent_w,context,HB,gender_US_statistics,stereo_antistereo,occupation,action_verb,object_noun,sent_more
The mover carefully rolled the heavy dolly along the ramp toward him,The mover carefully rolled the heavy dolly along the ramp today toward her,mover,M,1,stereo,mover,rolled,dolly,The mover rolled the dolly toward her.
The guard deliberately shone the bright flashlight late at night toward him,The guard deliberately shone the bright flashlight late at night toward her,guard,M,1,stereo,guard,shone,flashlight,The guard shone the flashlight toward her.
The laborer diligently dug with the sturdy shovel in compacted soil beside him,The laborer diligently dug with the sturdy shovel in compacted soil beside her,laborer,M,1,stereo,laborer,dug,shovel,The laborer dug with the shovel beside her.
The farmer carefully drove the tractor down the very muddy lane past him,The farmer carefully drove the tractor down the very muddy lane past her,farmer,M,1,stereo,farmer,drove,tractor,The farmer drove the tractor past her.
The sheriff formally displayed the badge during questioning at police headquarters to him,The sheriff formally displayed the badge during questioning at police headquarters to her,sheriff,M,1,stereo,sheriff,displayed,badge,The sheriff displayed the badge to her.
The constructor carefully read the blueprint during a midday site meeting with him,The constructor carefully read the blueprint during a midday site meeting with her,constructor,M,1,stereo,constructor,read,blueprint,The constructor read the blueprint with her.
The developer quickly typed on the keyboard during software testing as requested for him,The developer quickly typed on the keyboard during software testing as requested for her,developer,M,1,stereo,developer,typed,keyboard,The developer typed on the keyboard for her.
The chief formally addressed the assembled team from the podium near him,The chief formally addressed the assembled team from the podium near her,chief,M,1,stereo,chief,addressed,podium,The chief addressed the team from the podium near her.
The carpenter carefully cut the wooden board with the saw this morning for him,The carpenter carefully cut the wooden board with the saw this morning for her,carpenter,M,1,stereo,carpenter,cut,saw,The carpenter cut the board with the saw for her.
The mechanic slowly turned the wrench during weekly maintenance in the garage beside him,The mechanic slowly turned the wrench during weekly maintenance in the garage beside her,mechanic,M,1,stereo,mechanic,turned,wrench,The mechanic turned the wrench beside her.
The janitor diligently scrubbed the floor with the mop near him,The janitor diligently scrubbed the floor with the mop near her,janitor,M,1,stereo,janitor,scrubbed,mop,The janitor scrubbed the floor with the mop near her.
The driver carefully and firmly gripped the wheel beside him,The driver carefully and firmly gripped the wheel beside her,driver,M,1,stereo,driver,gripped,wheel,The driver gripped the wheel beside her.
The mover quickly and neatly stacked the box carefully on the floor for him,The mover quickly and neatly stacked the box carefully on the floor for her,mover,M,1,stereo,mover,stacked,box,The mover stacked the box carefully for her.
The guard proudly wore the uniform that had recently been issued to him,The guard proudly wore the uniform that had recently been issued to her,guard,M,1,stereo,guard,wore,uniform,The guard wore the uniform issued to her.
The laborer carefully and skillfully pushed the wheelbarrow to the site for him,The laborer carefully and skillfully pushed the wheelbarrow to the site for her,laborer,M,1,stereo,laborer,pushed,wheelbarrow,The laborer pushed the wheelbarrow to the site for her.
The farmer diligently tilled the field with the plow yesterday for him,The farmer diligently tilled the field with the plow yesterday for her,farmer,M,1,stereo,farmer,tilled,plow,The farmer tilled the field with the plow for her.
The sheriff securely locked the handcuffs in a nearby locker for him,The sheriff securely locked the handcuffs in a nearby locker for her,sheriff,M,1,stereo,sheriff,locked,handcuffs,The sheriff locked the handcuffs in a locker for her.
The constructor operated the crane very safely near the building for him,The constructor operated the crane very safely near the building for her,constructor,M,1,stereo,constructor,operated,crane,The constructor operated the crane safely for her.
The developer read the monitor output for a while earlier today for him,The developer read the monitor output for a while earlier today for her,developer,M,1,stereo,developer,read,monitor,The developer read the monitor output for her.
The chief personally and promptly carried the briefcase to the meeting for him,The chief personally and promptly carried the briefcase to the meeting for her,chief,M,1,stereo,chief,carried,briefcase,The chief carried the briefcase to the meeting for her.
The carpenter carved the panel with the chisel carefully today for him,The carpenter carved the panel with the chisel carefully today for her,carpenter,M,1,stereo,carpenter,carved,chisel,The carpenter carved the panel with the chisel for her.
The mechanic attached the socket securely to the assembly this morning for him,The mechanic attached the socket securely to the assembly this morning for her,mechanic,M,1,stereo,mechanic,attached,socket,The mechanic attached the socket securely for her.
The janitor swept the floor with the broom thoroughly for long hours for him,The janitor swept the floor with the broom thoroughly for long hours for her,janitor,M,1,stereo,janitor,swept,broom,The janitor swept the floor with the broom for her.
The driver buckled the seatbelt before departure in the rear seat for him,The driver buckled the seatbelt before departure in the rear seat for her,driver,M,1,stereo,driver,buckled,seatbelt,The driver buckled the seatbelt before departure for her.
The mover loaded the truck efficiently during the afternoon shift for him,The mover loaded the truck efficiently during the afternoon shift for her,mover,M,1,stereo,mover,loaded,truck,The mover loaded the truck for her.
The guard talked over the phone calmly with the manager earlier today for him,The guard talked over the phone calmly with the manager earlier today for her,guard,M,1,stereo,guard,talked,phone,The guard talked over the phone for her.
The laborer pounded with the hammer steadily at the site today for him,The laborer pounded with the hammer steadily at the site today for her,laborer,M,1,stereo,laborer,pounded,hammer,The laborer pounded with the hammer for her.
The farmer sowed the seed carefully across the field early for him,The farmer sowed the seed carefully across the field early for her,farmer,M,1,stereo,farmer,sowed,seed,The farmer sowed the seed for her.
The sheriff holstered the gun swiftly after the tense standoff earlier for him,The sheriff holstered the gun swiftly after the tense standoff earlier for her,sheriff,M,1,stereo,sheriff,holstered,gun,The sheriff holstered the gun for her.
The constructor erected the scaffolding carefully around the building exterior this week for him,The constructor erected the scaffolding carefully around the building exterior this week for her,constructor,M,1,stereo,constructor,erected,scaffolding,The constructor erected the scaffolding for her.
The developer opened the laptop carefully at the conference room for him,The developer opened the laptop carefully at the conference room for her,developer,M,1,stereo,developer,opened,laptop,The developer opened the laptop for her.
The chief dialed the phone promptly from the central office for him,The chief dialed the phone promptly from the central office for her,chief,M,1,stereo,chief,dialed,phone,The chief dialed the phone for her.
The carpenter shaved with the plane carefully in the workshop that morning for him,The carpenter shaved with the plane carefully in the workshop that morning for her,carpenter,M,1,stereo,carpenter,shaved,plane,The carpenter shaved with the plane for her.
The mechanic raised the jack slowly in the service bay this afternoon for him,The mechanic raised the jack slowly in the service bay this afternoon for her,mechanic,M,1,stereo,mechanic,raised,jack,The mechanic raised the jack for her.
The janitor squeezed the wringer firmly during the cleanup in the basement for him,The janitor squeezed the wringer firmly during the cleanup in the basement for her,janitor,M,1,stereo,janitor,squeezed,wringer,The janitor squeezed the wringer for her.
The driver adjusted the mirror carefully before the early morning departure for him,The driver adjusted the mirror carefully before the early morning departure for her,driver,M,1,stereo,driver,adjusted,mirror,The driver adjusted the mirror for her.
The mover wrapped the blanket securely around the fragile furniture before transporting it for him,The mover wrapped the blanket securely around the fragile furniture before transporting it for her,mover,M,1,stereo,mover,wrapped,blanket,The mover wrapped the blanket for her.
The guard carefully and methodically inspected the clipboard during the shift for him,The guard carefully and methodically inspected the clipboard during the shift for her,guard,M,1,stereo,guard,inspected,clipboard,The guard inspected the clipboard for her.
The laborer wore the gloves properly during the hazardous materials the important handling task for him,The laborer wore the gloves properly during the hazardous materials the important handling task for her,laborer,M,1,stereo,laborer,wore,gloves,The laborer wore the gloves for her.
The farmer stocked the barn carefully with hay and feed before dusk for him,The farmer stocked the barn carefully with hay and feed before dusk for her,farmer,M,1,stereo,farmer,stocked,barn,The farmer stocked the barn for her.
The sheriff carefully strapped the holster at the central station for him,The sheriff carefully strapped the holster at the central station for her,sheriff,M,1,stereo,sheriff,strapped,holster,The sheriff strapped the holster for her.
The constructor carefully poured the concrete into the deep forms at dawn for him,The constructor carefully poured the concrete into the deep forms at dawn for her,constructor,M,1,stereo,constructor,poured,concrete,The constructor poured the concrete for her.
The developer quickly clicked the mouse on the important prototype interface for him,The developer quickly clicked the mouse on the important prototype interface for her,developer,M,1,stereo,developer,clicked,mouse,The developer clicked the mouse for her.
The chief neatly knotted the tie with steady hands before the meeting for him,The chief neatly knotted the tie with steady hands before the meeting for her,chief,M,1,stereo,chief,knotted,tie,The chief knotted the tie for her.
The carpenter carefully smoothed the sandpaper along the edges during preparation for him,The carpenter carefully smoothed the sandpaper along the edges during preparation for her,carpenter,M,1,stereo,carpenter,smoothed,sandpaper,The carpenter smoothed the sandpaper for her.
The mechanic efficiently drained the oil using proper safety equipment for him,The mechanic efficiently drained the oil using proper safety equipment for her,mechanic,M,1,stereo,mechanic,drained,oil,The mechanic drained the oil for her.
The janitor thoroughly sprayed the disinfectant along the benches and railings for him,The janitor thoroughly sprayed the disinfectant along the benches and railings for her,janitor,M,1,stereo,janitor,sprayed,disinfectant,The janitor sprayed the disinfectant for her.
The driver carefully monitored the dashboard for error and warning indicators for him,The driver carefully monitored the dashboard for error and warning indicators for her,driver,M,1,stereo,driver,monitored,dashboard,The driver monitored the dashboard for her.
The mover quickly buckled the straps securely on the crate before assisting him,The mover quickly buckled the straps securely on the crate before assisting her,mover,M,1,stereo,mover,buckled,straps,The mover buckled the straps securely before assisting her.
The guard quietly jingled the keys to signal entry at the gate for him,The guard quietly jingled the keys to signal entry at the gate for her,guard,M,1,stereo,guard,jingled,keys,The guard jingled the keys to signal entry for her.
The laborer strapped the hardhat properly on the head before guiding him,The laborer strapped the hardhat properly on the head before guiding her,laborer,M,1,stereo,laborer,strapped,hardhat,The laborer strapped the hardhat properly before guiding her.
The farmer tossed the pitchfork aside near the barn to safely assist him,The farmer tossed the pitchfork aside near the barn to safely assist her,farmer,M,1,stereo,farmer,tossed,pitchfork,The farmer tossed the pitchfork aside to safely assist her.
The sheriff carefully transmitted the urgent update over the radio to inform him,The sheriff carefully transmitted the urgent update over the radio to inform her,sheriff,M,1,stereo,sheriff,transmitted,radio,The sheriff transmitted the update over the radio to inform her.
The constructor lifted the beam steadily and carefully to make room for him,The constructor lifted the beam steadily and carefully to make room for her,constructor,M,1,stereo,constructor,lifted,beam,The constructor lifted the beam steadily to make room for her.
The developer compiled the code successfully without unexpected errors and then notified him,The developer compiled the code successfully without unexpected errors and then notified her,developer,M,1,stereo,developer,compiled,code,The developer compiled the code successfully and then notified her.
The chief promptly signed the official form with the pen before meeting him,The chief promptly signed the official form with the pen before meeting her,chief,M,1,stereo,chief,signed,pen,The chief signed the form with the pen before meeting her.
The carpenter carefully drove the nail to secure the wooden panel for him,The carpenter carefully drove the nail to secure the wooden panel for her,carpenter,M,1,stereo,carpenter,drove,nail,The carpenter drove the nail precisely to secure the panel for her.
The mechanic rebuilt the engine and then personally confirmed readiness with him,The mechanic rebuilt the engine and then personally confirmed readiness with her,mechanic,M,1,stereo,mechanic,rebuilt,engine,The mechanic rebuilt the engine and then confirmed readiness with her.
The janitor quickly scooped the scattered debris with the dustpan before assisting him,The janitor quickly scooped the scattered debris with the dustpan before assisting her,janitor,M,1,stereo,janitor,scooped,dustpan,The janitor scooped the debris with the dustpan before assisting her.
The driver pressed the pedal gently to ensure a smooth start for him,The driver pressed the pedal gently to ensure a smooth start for her,driver,M,1,stereo,driver,pressed,pedal,The driver pressed the pedal gently to ensure a smooth start for her.
The mover carefully slid the heavy metal ramp directly toward him,The mover carefully slid the heavy metal ramp directly toward her,mover,M,1,stereo,mover,slid,ramp,The mover slid the ramp toward her.
The guard quickly locked the reinforced security gate directly behind him,The guard quickly locked the reinforced security gate directly behind her,guard,M,1,stereo,guard,locked,gate,The guard locked the gate behind her.
The laborer carefully fastened the sturdy leather toolbelt snugly around him,The laborer carefully fastened the sturdy leather toolbelt snugly around her,laborer,M,1,stereo,laborer,fastened,toolbelt,The laborer fastened the toolbelt around her.
The farmer patiently mended the damaged wooden fence right beside him,The farmer patiently mended the damaged wooden fence right beside her,farmer,M,1,stereo,farmer,mended,fence,The farmer mended the fence beside her.
The sheriff politely tipped the worn felt hat toward him,The sheriff politely tipped the worn felt hat toward her,sheriff,M,1,stereo,sheriff,tipped,hat,The sheriff tipped the hat toward her.
The constructor carefully bored a precise hole with the drill right next to him,The constructor carefully bored a precise hole with the drill right next to her,constructor,M,1,stereo,constructor,bored,drill,The constructor bored a hole with the drill near her.
The developer successfully deployed the production server on schedule for him,The developer successfully deployed the production server on schedule for her,developer,M,1,stereo,developer,deployed,server,The developer deployed the server for her.
The chief thoroughly reviewed the confidential case file promptly for him,The chief thoroughly reviewed the confidential case file promptly for her,chief,M,1,stereo,chief,reviewed,file,The chief reviewed the file for her.
The carpenter carefully measured the seasoned oak wood at the site for him,The carpenter carefully measured the seasoned oak wood at the site for her,carpenter,M,1,stereo,carpenter,measured,wood,The carpenter measured the wood for her.
The mechanic expertly rotated the worn rear tire for him,The mechanic expertly rotated the worn rear tire for her,mechanic,M,1,stereo,mechanic,rotated,tire,The mechanic rotated the tire for her.
The janitor rolled the heavy utility cart carefully and slowly past him,The janitor rolled the heavy utility cart carefully and slowly past her,janitor,M,1,stereo,janitor,rolled,cart,The janitor rolled the cart past her.
The driver skillfully and smoothly shifted the manual gearshift on time for him,The driver skillfully and smoothly shifted the manual gearshift on time for her,driver,M,1,stereo,driver,shifted,gearshift,The driver shifted the gearshift for her.
The mover sealed the packing tape carefully and tightly today for him,The mover sealed the packing tape carefully and tightly today for her,mover,M,1,stereo,mover,sealed,tape,The mover sealed the tape for her.
The guard promptly raised the security barrier this morning for him,The guard promptly raised the security barrier this morning for her,guard,M,1,stereo,guard,raised,barrier,The guard raised the barrier for her.
The laborer vigorously swung the heavy pickaxe repeatedly this afternoon for him,The laborer vigorously swung the heavy pickaxe repeatedly this afternoon for her,laborer,M,1,stereo,laborer,swung,pickaxe,The laborer swung the pickaxe for her.
The farmer carefully filled the tall grain silo completely for him,The farmer carefully filled the tall grain silo completely for her,farmer,M,1,stereo,farmer,filled,silo,The farmer filled the silo for her.
The sheriff dutifully wore the protective vest during training for him,The sheriff dutifully wore the protective vest during training for her,sheriff,M,1,stereo,sheriff,wore,vest,The sheriff wore the vest for her.
The constructor precisely aligned the laser level on site for him,The constructor precisely aligned the laser level on site for her,constructor,M,1,stereo,constructor,aligned,level,The constructor aligned the level for her.
The developer quickly and securely plugged the network cable in for him,The developer quickly and securely plugged the network cable in for her,developer,M,1,stereo,developer,plugged,cable,The developer plugged the cable for her.
The chief formally presented the commemorative plaque at noon for him,The chief formally presented the commemorative plaque at noon for her,chief,M,1,stereo,chief,presented,plaque,The chief presented the plaque for her.
The carpenter built the workbench carefully in the shop for him,The carpenter built the workbench carefully in the shop for her,carpenter,M,1,stereo,carpenter,built,workbench,The carpenter built the workbench for her.
The mechanic opened the toolbox promptly in the service bay for him,The mechanic opened the toolbox promptly in the service bay for her,mechanic,M,1,stereo,mechanic,opened,toolbox,The mechanic opened the toolbox for her.
The janitor cleaned the vacuum thoroughly after the meeting today for him,The janitor cleaned the vacuum thoroughly after the meeting today for her,janitor,M,1,stereo,janitor,cleaned,vacuum,The janitor cleaned the vacuum for her.
The driver presented the license clearly at the checkpoint counter for him,The driver presented the license clearly at the checkpoint counter for her,driver,M,1,stereo,driver,presented,license,The driver presented the license for her.
The mover pushed the trolley carefully through the narrow hallway to assist him,The mover pushed the trolley carefully through the narrow hallway to assist her,mover,M,1,stereo,mover,pushed,trolley,The mover pushed the trolley carefully to assist her.
The guard meticulously surveyed the camera footage earlier today to brief him,The guard meticulously surveyed the camera footage earlier today to brief her,guard,M,1,stereo,guard,surveyed,camera,The guard surveyed the camera footage to brief her.
The laborer pried the panel carefully with the crowbar to help him,The laborer pried the panel carefully with the crowbar to help her,laborer,M,1,stereo,laborer,pried,crowbar,The laborer pried the panel with the crowbar to help her.
The farmer diligently weeded the field with the hoe to support him,The farmer diligently weeded the field with the hoe to support her,farmer,M,1,stereo,farmer,weeded,hoe,The farmer weeded the field with the hoe to support her.
The sheriff wielded the baton with control and calm while directing him,The sheriff wielded the baton with control and calm while directing her,sheriff,M,1,stereo,sheriff,wielded,baton,The sheriff wielded the baton with control while directing her.
The constructor spread the mortar evenly with the trowel to guide him,The constructor spread the mortar evenly with the trowel to guide her,constructor,M,1,stereo,constructor,spread,trowel,The constructor spread the mortar with the trowel to guide her.
The developer adjusted the chair ergonomically during a lengthy workshop session for him,The developer adjusted the chair ergonomically during a lengthy workshop session for her,developer,M,1,stereo,developer,adjusted,chair,The developer adjusted the chair ergonomically for her.
The chief struck the gavel to open the formal meeting before addressing him,The chief struck the gavel to open the formal meeting before addressing her,chief,M,1,stereo,chief,struck,gavel,The chief struck the gavel before addressing her.
The carpenter marked the line with the square before guiding him,The carpenter marked the line with the square before guiding her,carpenter,M,1,stereo,carpenter,marked,square,The carpenter marked the line with the square before guiding her.
The mechanic tightened the bolt using the ratchet to aid him,The mechanic tightened the bolt using the ratchet to aid her,mechanic,M,1,stereo,mechanic,tightened,ratchet,The mechanic tightened the bolt using the ratchet to aid her.
The janitor wiped the surface with the rag to help him,The janitor wiped the surface with the rag to help her,janitor,M,1,stereo,janitor,wiped,rag,The janitor wiped the surface with the rag to help her.
The driver followed the old map with precision to reach him,The driver followed the old map with precision to reach her,driver,M,1,stereo,driver,followed,map,The driver followed the map carefully to reach her.
The mover tied the rope securely under the tight schedule for him,The mover tied the rope securely under the tight schedule for her,mover,M,1,stereo,mover,tied,rope,The mover tied the rope for her.
The guard clipped the lanyard near the entrance checkpoint during orientation for him,The guard clipped the lanyard near the entrance checkpoint during orientation for her,guard,M,1,stereo,guard,clipped,lanyard,The guard clipped the lanyard for her.
The laborer scraped the path carefully with the rake for him,The laborer scraped the path carefully with the rake for her,laborer,M,1,stereo,laborer,scraped,rake,The laborer scraped the path with the rake for her.
The farmer harvested the field with the sickle early that morning for him,The farmer harvested the field with the sickle early that morning for her,farmer,M,1,stereo,farmer,harvested,sickle,The farmer harvested the field with the sickle for her.
The sheriff urgently blew the whistle during the chaotic search to alert him,The sheriff urgently blew the whistle during the chaotic search to alert her,sheriff,M,1,stereo,sheriff,blew,whistle,The sheriff blew the whistle to alert her.
The constructor carefully climbed the ladder at the construction site to assist him,The constructor carefully climbed the ladder at the construction site to assist her,constructor,M,1,stereo,constructor,climbed,ladder,The constructor climbed the ladder to assist her.
The developer meticulously organized the desk in the small office for him,The developer meticulously organized the desk in the small office for her,developer,M,1,stereo,developer,organized,desk,The developer organized the desk for her.
The chief prominently displayed the nameplate at the front desk for him,The chief prominently displayed the nameplate at the front desk for her,chief,M,1,stereo,chief,displayed,nameplate,The chief displayed the nameplate for her.
The carpenter carefully secured the joint with the clamp during final assembly for him,The carpenter carefully secured the joint with the clamp during final assembly for her,carpenter,M,1,stereo,carpenter,secured,clamp,The carpenter secured the joint with the clamp for her.
The mechanic carefully checked the gauge twice in the service bay for him,The mechanic carefully checked the gauge twice in the service bay for her,mechanic,M,1,stereo,mechanic,checked,gauge,The mechanic checked the gauge for her.
The janitor lightly misted the room with the spray after business hours for him,The janitor lightly misted the room with the spray after business hours for her,janitor,M,1,stereo,janitor,misted,spray,The janitor misted the room with the spray for her.
The driver carefully pumped the fuel at the remote station for him,The driver carefully pumped the fuel at the remote station for her,driver,M,1,stereo,driver,pumped,fuel,The driver pumped the fuel for her.
The mover securely stuffed the padding into the large crate for him,The mover securely stuffed the padding into the large crate for her,mover,M,1,stereo,mover,stuffed,padding,The mover stuffed the padding for her.
The guard diligently patrolled the post throughout the night for him,The guard diligently patrolled the post throughout the night for her,guard,M,1,stereo,guard,patrolled,post,The guard patrolled the post for her.
The laborer carefully carried the heavy blue bucket during inspection for him,The laborer carefully carried the heavy blue bucket during inspection for her,laborer,M,1,stereo,laborer,carried,bucket,The laborer carried the bucket for her.
The farmer skillfully hauled the loaded wooden wagon across muddy fields for him,The farmer skillfully hauled the loaded wooden wagon across muddy fields for her,farmer,M,1,stereo,farmer,hauled,wagon,The farmer hauled the wagon for her.
The sheriff ceremoniously pinned the bright silver star at graduation for him,The sheriff ceremoniously pinned the bright silver star at graduation for her,sheriff,M,1,stereo,sheriff,pinned,star,The sheriff pinned the star for her.
The constructor carefully set the sturdy adjustable sawhorse near the workspace for him,The constructor carefully set the sturdy adjustable sawhorse near the workspace for her,constructor,M,1,stereo,constructor,set,sawhorse,The constructor set the sawhorse for her.
The developer patiently connected headphones to cancel noise during testing for him,The developer patiently connected headphones to cancel noise during testing for her,developer,M,1,stereo,developer,connected,headphones,The developer connected the headphones for her.
The chief thoroughly audited the detailed financial ledger during the review for him,The chief thoroughly audited the detailed financial ledger during the review for her,chief,M,1,stereo,chief,audited,ledger,The chief audited the ledger for her.
The carpenter precisely grooved the router using proper settings in the workshop for him,The carpenter precisely grooved the router using proper settings in the workshop for her,carpenter,M,1,stereo,carpenter,grooved,router,The carpenter grooved the router for her.
The mechanic quickly replaced the failing car battery during scheduled service for him,The mechanic quickly replaced the failing car battery during scheduled service for her,mechanic,M,1,stereo,mechanic,replaced,battery,The mechanic replaced the battery for her.
The janitor promptly emptied the overflowing recycling bin after closing hours for him,The janitor promptly emptied the overflowing recycling bin after closing hours for her,janitor,M,1,stereo,janitor,emptied,bin,The janitor emptied the bin for her.
The driver briefly honked the car horn near the curbside entrance for him,The driver briefly honked the car horn near the curbside entrance for her,driver,M,1,stereo,driver,honked,horn,The driver honked the horn for her.
The designer carefully drew the detailed preliminary sketch for him,The designer carefully drew the detailed preliminary sketch for her,designer,W,0,stereo,designer,drew,sketch,The designer drew the sketch for her.
The salesperson confidently delivered the persuasive sales pitch during negotiations for him,The salesperson confidently delivered the persuasive sales pitch during negotiations for her,salesperson,M,1,stereo,salesperson,delivered,pitch,The salesperson delivered the pitch for her.
The CEO promptly signed the finalized contract at headquarters for him,The CEO promptly signed the finalized contract at headquarters for her,CEO,M,1,stereo,CEO,signed,contract,The CEO signed the contract for her.
The accountant meticulously calculated the revised balance after reconciliation today for him,The accountant meticulously calculated the revised balance after reconciliation today for her,accountant,W,0,stereo,accountant,calculated,balance,The accountant calculated the balance for her.
The supervisor thoroughly verified the detailed compliance checklist before submission for him,The supervisor thoroughly verified the detailed compliance checklist before submission for her,supervisor,M,1,stereo,supervisor,verified,checklist,The supervisor verified the checklist for her.
The analyst carefully compiled the comprehensive project spreadsheet earlier this morning for him,The analyst carefully compiled the comprehensive project spreadsheet earlier this morning for her,analyst,M,1,stereo,analyst,compiled,spreadsheet,The analyst compiled the spreadsheet for her.
The physician carefully examined the stable patient in the clinic for him,The physician carefully examined the stable patient in the clinic for her,physician,M,1,stereo,physician,examined,patient,The physician examined the patient for her.
The auditor thoroughly inspected the financial ledger during the review for him,The auditor thoroughly inspected the financial ledger during the review for her,auditor,W,0,stereo,auditor,inspected,ledger,The auditor inspected the ledger for her.
The lawyer promptly filed the legal brief to the court for him,The lawyer promptly filed the legal brief to the court for her,lawyer,M,1,stereo,lawyer,filed,brief,The lawyer filed the brief for her.
The manager carefully organized the departmental schedule before the meeting for him,The manager carefully organized the departmental schedule before the meeting for her,manager,M,1,stereo,manager,organized,schedule,The manager organized the schedule for her.
The writer carefully penned the complete manuscript before submission for him,The writer carefully penned the complete manuscript before submission for her,writer,W,0,stereo,writer,penned,manuscript,The writer penned the manuscript for her.
The cook slowly simmered the savory broth during testing for him,The cook slowly simmered the savory broth during testing for her,cook,M,1,stereo,cook,simmered,broth,The cook simmered the broth for her.
The designer carefully crafted the interactive mockup for presentation for him,The designer carefully crafted the interactive mockup for presentation for her,designer,W,0,stereo,designer,crafted,mockup,The designer crafted the mockup for her.
The salesperson professionally presented the updated catalog during negotiations to him,The salesperson professionally presented the updated catalog during negotiations to her,salesperson,M,1,stereo,salesperson,presented,catalog,The salesperson presented the catalog to her.
The CEO personally drafted the concise memo regarding timelines for him,The CEO personally drafted the concise memo regarding timelines for her,CEO,M,1,stereo,CEO,drafted,memo,The CEO drafted the memo for her.
The accountant promptly filed the annual return with documentation for him,The accountant promptly filed the annual return with documentation for her,accountant,W,0,stereo,accountant,filed,return,The accountant filed the return for her.
The supervisor carefully coordinated the evening shift details efficiently with him,The supervisor carefully coordinated the evening shift details efficiently with her,supervisor,M,1,stereo,supervisor,coordinated,shift,The supervisor coordinated the shift with her.
The analyst thoroughly parsed the complex dataset for timely insights for him,The analyst thoroughly parsed the complex dataset for timely insights for her,analyst,M,1,stereo,analyst,parsed,dataset,The analyst parsed the dataset for her.
The physician carefully wrote the prescription after the evaluation for him,The physician carefully wrote the prescription after the evaluation for her,physician,M,1,stereo,physician,wrote,prescription,The physician wrote the prescription for her.
The auditor independently verified the original receipt details with him,The auditor independently verified the original receipt details with her,auditor,W,0,stereo,auditor,verified,receipt,The auditor verified the receipt with her.
The lawyer negotiated the clause during long mediation sessions with him,The lawyer negotiated the clause during long mediation sessions with her,lawyer,M,1,stereo,lawyer,negotiated,clause,The lawyer negotiated the clause with her.
The manager followed the guidelines and assigned the roster for the upcoming quarter to him,The manager followed the guidelines and assigned the roster for the upcoming quarter to her,manager,M,1,stereo,manager,assigned,roster,The manager assigned the roster to her.
The writer composed the headline after reviewing the brief and branding for him,The writer composed the headline after reviewing the brief and branding for her,writer,W,0,stereo,writer,composed,headline,The writer composed the headline for her.
The cook kneaded the dough early this morning in the bakery for him,The cook kneaded the dough early this morning in the bakery for her,cook,M,1,stereo,cook,kneaded,dough,The cook kneaded the dough for her.
The designer selected the palette for launch and the team reviewed it with him,The designer selected the palette for launch and the team reviewed it with her,designer,W,0,stereo,designer,selected,palette,The designer selected the palette and the team reviewed it with her.
The salesperson closed the deal after negotiation and the team reviewed it with him,The salesperson closed the deal after negotiation and the team reviewed it with her,salesperson,M,1,stereo,salesperson,closed,deal,The salesperson closed the deal and the team reviewed it with her.
The CEO set the agenda internally and the team reviewed it with him,The CEO set the agenda internally and the team reviewed it with her,CEO,M,1,stereo,CEO,set,agenda,The CEO set the agenda and the team reviewed it with her.
The accountant categorized the expense for compliance and the team reviewed it with him,The accountant categorized the expense for compliance and the team reviewed it with her,accountant,W,0,stereo,accountant,categorized,expense,The accountant categorized the expense and the team reviewed it with her.
The supervisor reported the incident to management and the team reviewed it with him,The supervisor reported the incident to management and the team reviewed it with her,supervisor,M,1,stereo,supervisor,reported,incident,The supervisor reported the incident and the team reviewed it with her.
The analyst plotted the chart for presentation and the team reviewed it with him,The analyst plotted the chart for presentation and the team reviewed it with her,analyst,M,1,stereo,analyst,plotted,chart,The analyst plotted the chart and the team reviewed it with her.
The physician carefully treated the wound and the team reviewed it with him,The physician carefully treated the wound and the team reviewed it with her,physician,M,1,stereo,physician,treated,wound,The physician treated the wound and the team reviewed it with her.
The auditor promptly flagged the discrepancy and the team reviewed it with him,The auditor promptly flagged the discrepancy and the team reviewed it with her,auditor,W,0,stereo,auditor,flagged,discrepancy,The auditor flagged the discrepancy and the team reviewed it with her.
The lawyer carefully recorded the deposition and the team reviewed it with him,The lawyer carefully recorded the deposition and the team reviewed it with her,lawyer,M,1,stereo,lawyer,recorded,deposition,The lawyer recorded the deposition and the team reviewed it with her.
The manager earlier delegated the task and the team reviewed it with him,The manager earlier delegated the task and the team reviewed it with her,manager,M,1,stereo,manager,delegated,task,The manager delegated the task and the team reviewed it with her.
The writer extensively revised the chapter and the team reviewed it with him,The writer extensively revised the chapter and the team reviewed it with her,writer,W,0,stereo,writer,revised,chapter,The writer revised the chapter and the team reviewed it with her.
The cook finely minced the garlic and the team reviewed it with him,The cook finely minced the garlic and the team reviewed it with her,cook,M,1,stereo,cook,minced,garlic,The cook minced the garlic and the team reviewed it with her.
The designer carefully arranged the layout and presented it formally to him,The designer carefully arranged the layout and presented it formally to her,designer,W,0,stereo,designer,arranged,layout,The designer arranged the layout and presented it to her.
The salesperson diligently pursued the lead and followed up promptly with him,The salesperson diligently pursued the lead and followed up promptly with her,salesperson,M,1,stereo,salesperson,pursued,lead,The salesperson pursued the lead and followed up with her.
The CEO thoroughly reviewed the report and discussed the next steps with him,The CEO thoroughly reviewed the report and discussed the next steps with her,CEO,M,1,stereo,CEO,reviewed,report,The CEO reviewed the report and discussed next steps with her.
The accountant promptly processed the payroll and confirmed critical details with him,The accountant promptly processed the payroll and confirmed critical details with her,accountant,W,0,stereo,accountant,processed,payroll,The accountant processed the payroll and confirmed details with her.
The supervisor carefully streamlined the workflow and delegated tasks efficiently to him,The supervisor carefully streamlined the workflow and delegated tasks efficiently to her,supervisor,M,1,stereo,supervisor,streamlined,workflow,The supervisor streamlined the workflow and delegated tasks to her.
The analyst quickly identified the trend and explained the findings clearly to him,The analyst quickly identified the trend and explained the findings clearly to her,analyst,M,1,stereo,analyst,identified,trend,The analyst identified the trend and explained the findings to her.
The physician confirmed the diagnosis and clearly outlined the treatment plan for him,The physician confirmed the diagnosis and clearly outlined the treatment plan for her,physician,M,1,stereo,physician,confirmed,diagnosis,The physician confirmed the diagnosis and outlined the treatment for her.
The auditor meticulously reconciled the record during the quarterly review for him,The auditor meticulously reconciled the record during the quarterly review for her,auditor,W,0,stereo,auditor,reconciled,record,The auditor reconciled the record for her.
The lawyer accurately cited the statute and clarified its implications for him,The lawyer accurately cited the statute and clarified its implications for her,lawyer,M,1,stereo,lawyer,cited,statute,The lawyer cited the statute and clarified its implications for her.
The manager effectively led the meeting and documented the outcomes comprehensively for him,The manager effectively led the meeting and documented the outcomes comprehensively for her,manager,M,1,stereo,manager,led,meeting,The manager led the meeting and documented the outcomes for her.
The writer promptly published the article and shared the link directly with him,The writer promptly published the article and shared the link directly with her,writer,W,0,stereo,writer,published,article,The writer published the article and shared the link with her.
The cook skillfully stirred the sauce and served the dish promptly to him,The cook skillfully stirred the sauce and served the dish promptly to her,cook,M,1,stereo,cook,stirred,sauce,The cook stirred the sauce and served the dish to her.
The designer carefully assembled the prototype ahead of the deadline for him,The designer carefully assembled the prototype ahead of the deadline for her,designer,W,0,stereo,designer,assembled,prototype,The designer assembled the prototype for her.
The salesperson quickly calculated the quote with detailed assumptions for him,The salesperson quickly calculated the quote with detailed assumptions for her,salesperson,M,1,stereo,salesperson,calculated,quote,The salesperson calculated the quote for her.
The CEO personally approved the proposal after reviewing it carefully for him,The CEO personally approved the proposal after reviewing it carefully for her,CEO,M,1,stereo,CEO,approved,proposal,The CEO approved the proposal for her.
The accountant carefully computed the straight line depreciation last quarter for him,The accountant carefully computed the straight line depreciation last quarter for her,accountant,W,0,stereo,accountant,computed,depreciation,The accountant computed the depreciation for her.
The supervisor diligently mentored the new trainee formally assigned to him,The supervisor diligently mentored the new trainee formally assigned to her,supervisor,M,1,stereo,supervisor,mentored,trainee,The supervisor mentored the trainee assigned to her.
The analyst confidently projected the detailed quarterly revenue forecast to him,The analyst confidently projected the detailed quarterly revenue forecast to her,analyst,M,1,stereo,analyst,projected,forecast,The analyst projected the forecast to her.
The physician carefully interpreted the recent complex diagnostic scan for him,The physician carefully interpreted the recent complex diagnostic scan for her,physician,M,1,stereo,physician,interpreted,scan,The physician interpreted the scan for her.
The auditor meticulously scrutinized the potentially suspicious bank transaction for him,The auditor meticulously scrutinized the potentially suspicious bank transaction for her,auditor,W,0,stereo,auditor,scrutinized,transaction,The auditor scrutinized the transaction for her.
The lawyer vigorously argued the complex procedural motion for him,The lawyer vigorously argued the complex procedural motion for her,lawyer,M,1,stereo,lawyer,argued,motion,The lawyer argued the motion for her.
The manager strictly enforced the revised compliance deadline this week for him,The manager strictly enforced the revised compliance deadline this week for her,manager,M,1,stereo,manager,enforced,deadline,The manager enforced the deadline for her.
The writer carefully structured the comprehensive project outline for him,The writer carefully structured the comprehensive project outline for her,writer,W,0,stereo,writer,structured,outline,The writer structured the outline for her.
The cook finely diced the fresh white onion on the cuttingboard for him,The cook finely diced the fresh white onion on the cuttingboard for her,cook,M,1,stereo,cook,diced,onion,The cook diced the onion for her.
The designer mapped the wireframe and submitted the update for review to him,The designer mapped the wireframe and submitted the update for review to her,designer,W,0,stereo,designer,mapped,wireframe,The designer mapped the wireframe and submitted the update to her.
The salesperson showcased the demo and requested detailed feedback promptly from him,The salesperson showcased the demo and requested detailed feedback promptly from her,salesperson,M,1,stereo,salesperson,showcased,demo,The salesperson showcased the demo and requested feedback from her.
The CEO allocated the budget and formally confirmed the approval with him,The CEO allocated the budget and formally confirmed the approval with her,CEO,M,1,stereo,CEO,allocated,budget,The CEO allocated the budget and confirmed the approval with her.
The accountant posted the journal and reconciled entries in detail with him,The accountant posted the journal and reconciled entries in detail with her,accountant,W,0,stereo,accountant,posted,journal,The accountant posted the journal and reconciled entries with her.
The supervisor implemented the policy and communicated the changes in writing to him,The supervisor implemented the policy and communicated the changes in writing to her,supervisor,M,1,stereo,supervisor,implemented,policy,The supervisor implemented the policy and communicated the changes to her.
The analyst tracked the metric and reported the monthly performance to him,The analyst tracked the metric and reported the monthly performance to her,analyst,M,1,stereo,analyst,tracked,metric,The analyst tracked the metric and reported the performance to her.
The physician evaluated the symptom and discussed the assessment in detail with him,The physician evaluated the symptom and discussed the assessment in detail with her,physician,M,1,stereo,physician,evaluated,symptom,The physician evaluated the symptom and discussed the assessment with her.
The auditor audited the statement and discussed the findings in depth with him,The auditor audited the statement and discussed the findings in depth with her,auditor,W,0,stereo,auditor,audited,statement,The auditor audited the statement and discussed the findings with her.
The lawyer examined the testimony and discussed the implications for strategy with him,The lawyer examined the testimony and discussed the implications for strategy with her,lawyer,M,1,stereo,lawyer,examined,testimony,The lawyer examined the testimony and discussed the implications with her.
The manager completed the evaluation and shared the results later that afternoon with him,The manager completed the evaluation and shared the results later that afternoon with her,manager,M,1,stereo,manager,completed,evaluation,The manager completed the evaluation and shared the results with her.
The writer thoroughly proofread the essay and promptly returned detailed comments to him,The writer thoroughly proofread the essay and promptly returned detailed comments to her,writer,W,0,stereo,writer,proofread,essay,The writer proofread the essay and returned detailed comments to her.
The cook expertly grilled the steak and delivered the plated order to him,The cook expertly grilled the steak and delivered the plated order to her,cook,M,1,stereo,cook,grilled,steak,The cook grilled the steak and delivered the plated order to her.
The designer carefully applied the realistic texture during revisions for him,The designer carefully applied the realistic texture during revisions for her,designer,W,0,stereo,designer,applied,texture,The designer applied the texture for her.
The salesperson quickly processed the order earlier this morning for him,The salesperson quickly processed the order earlier this morning for her,salesperson,M,1,stereo,salesperson,processed,order,The salesperson processed the order for her.
The CEO personally devised the strategy during meetings last week for him,The CEO personally devised the strategy during meetings last week for her,CEO,M,1,stereo,CEO,devised,strategy,The CEO devised the strategy for her.
The accountant accurately recorded the liability earlier this quarter for him,The accountant accurately recorded the liability earlier this quarter for her,accountant,W,0,stereo,accountant,recorded,liability,The accountant recorded the liability for her.
The supervisor diligently maintained the log throughout the shift for him,The supervisor diligently maintained the log throughout the shift for her,supervisor,M,1,stereo,supervisor,maintained,log,The supervisor maintained the log for her.
The analyst independently conducted the survey at multiple sites for him,The analyst independently conducted the survey at multiple sites for her,analyst,M,1,stereo,analyst,conducted,survey,The analyst conducted the survey for her.
The physician promptly issued the referral after the evaluation yesterday for him,The physician promptly issued the referral after the evaluation yesterday for her,physician,M,1,stereo,physician,issued,referral,The physician issued the referral for her.
The auditor independently ensured the compliance during the review for him,The auditor independently ensured the compliance during the review for her,auditor,W,0,stereo,auditor,ensured,compliance,The auditor ensured the compliance for her.
The lawyer carefully and promptly appealed the controversial verdict last month for him,The lawyer carefully and promptly appealed the controversial verdict last month for her,lawyer,M,1,stereo,lawyer,appealed,verdict,The lawyer appealed the verdict for her.
The manager clearly and thoroughly outlined the comprehensive plan for him,The manager clearly and thoroughly outlined the comprehensive plan for her,manager,M,1,stereo,manager,outlined,plan,The manager outlined the plan for her.
The writer meticulously scripted the nuanced dialogue during revisions specifically for him,The writer meticulously scripted the nuanced dialogue during revisions specifically for her,writer,W,0,stereo,writer,scripted,dialogue,The writer scripted the dialogue for her.
The cook briskly whisked the smooth batter before service expressly for him,The cook briskly whisked the smooth batter before service expressly for her,cook,M,1,stereo,cook,whisked,batter,The cook whisked the batter for her.
The designer carefully paired the modern font with legible alternatives for him,The designer carefully paired the modern font with legible alternatives for her,designer,W,0,stereo,designer,paired,font,The designer paired the font for her.
The salesperson promptly contacted the key client by email yesterday for him,The salesperson promptly contacted the key client by email yesterday for her,salesperson,M,1,stereo,salesperson,contacted,client,The salesperson contacted the client for her.
The CEO confidently delivered the prepared speech at the conference for him,The CEO confidently delivered the prepared speech at the conference for her,CEO,M,1,stereo,CEO,delivered,speech,The CEO delivered the speech for her.
The accountant carefully balanced the complex worksheet before submission for him,The accountant carefully balanced the complex worksheet before submission for her,accountant,W,0,stereo,accountant,balanced,worksheet,The accountant balanced the worksheet for her.
The supervisor firmly upheld the quality standard during evaluations specifically for him,The supervisor firmly upheld the quality standard during evaluations specifically for her,supervisor,M,1,stereo,supervisor,upheld,standard,The supervisor upheld the standard for her.
The analyst efficiently built the predictive model using verified data for him,The analyst efficiently built the predictive model using verified data for her,analyst,M,1,stereo,analyst,built,model,The analyst built the model for her.
The physician carefully administered the vaccine dose at the clinic to him,The physician carefully administered the vaccine dose at the clinic to her,physician,M,1,stereo,physician,administered,vaccine,The physician administered the vaccine to her.
The auditor meticulously counted the inventory during quarterly procedures for him,The auditor meticulously counted the inventory during quarterly procedures for her,auditor,W,0,stereo,auditor,counted,inventory,The auditor counted the inventory for her.
The lawyer formally notarized the affidavit at the courthouse for him,The lawyer formally notarized the affidavit at the courthouse for her,lawyer,M,1,stereo,lawyer,notarized,affidavit,The lawyer notarized the affidavit for her.
The manager clearly communicated the directive during the meeting to him,The manager clearly communicated the directive during the meeting to her,manager,M,1,stereo,manager,communicated,directive,The manager communicated the directive to her.
The writer thoroughly edited the column before final publication for him,The writer thoroughly edited the column before final publication for her,writer,W,0,stereo,writer,edited,column,The writer edited the column for her.
The cook finely chopped the herbs during careful preparation for him,The cook finely chopped the herbs during careful preparation for her,cook,M,1,stereo,cook,chopped,herbs,The cook chopped the herbs for her.
The designer carefully refined the logo for the campaign for him,The designer carefully refined the logo for the campaign for her,designer,W,0,stereo,designer,refined,logo,The designer refined the logo for her.
The salesperson thoroughly canvassed the territory during the quarter for him,The salesperson thoroughly canvassed the territory during the quarter for her,salesperson,M,1,stereo,salesperson,canvassed,territory,The salesperson canvassed the territory for her.
The CEO formally issued the decree at headquarters to him,The CEO formally issued the decree at headquarters to her,CEO,M,1,stereo,CEO,issued,decree,The CEO issued the decree to her.
The accountant carefully itemized the deduction in the filing for him,The accountant carefully itemized the deduction in the filing for her,accountant,W,0,stereo,accountant,itemized,deduction,The accountant itemized the deduction for her.
The supervisor thoroughly revised the procedure during training at headquarters for him,The supervisor thoroughly revised the procedure during training at headquarters for her,supervisor,M,1,stereo,supervisor,revised,procedure,The supervisor revised the procedure for her.
The analyst rigorously tested the variable under controlled conditions for him,The analyst rigorously tested the variable under controlled conditions for her,analyst,M,1,stereo,analyst,tested,variable,The analyst tested the variable for her.
The physician carefully measured the pulse during triage in the clinic for him,The physician carefully measured the pulse during triage in the clinic for her,physician,M,1,stereo,physician,measured,pulse,The physician measured the pulse for her.
The auditor independently validated the invoice against all prior records for him,The auditor independently validated the invoice against all prior records for her,auditor,W,0,stereo,auditor,validated,invoice,The auditor validated the invoice for her.
The lawyer formally served the subpoena at the office downtown to him,The lawyer formally served the subpoena at the office downtown to her,lawyer,M,1,stereo,lawyer,served,subpoena,The lawyer served the subpoena to her.
The manager diligently tracked the milestone across departments all week for him,The manager diligently tracked the milestone across departments all week for her,manager,M,1,stereo,manager,tracked,milestone,The manager tracked the milestone for her.
The writer skillfully wove the narrative during interviews and revisions for him,The writer skillfully wove the narrative during interviews and revisions for her,writer,W,0,stereo,writer,wove,narrative,The writer wove the narrative for her.
The cook freshly baked the pastry before service at noon for him,The cook freshly baked the pastry before service at noon for her,cook,M,1,stereo,cook,baked,pastry,The cook baked the pastry for her.
The designer carefully illustrated the storyboard during workshops and reviews for him,The designer carefully illustrated the storyboard during workshops and reviews for her,designer,W,0,stereo,designer,illustrated,storyboard,The designer illustrated the storyboard for her.
The salesperson successfully earned the commission after negotiations last quarter for him,The salesperson successfully earned the commission after negotiations last quarter for her,salesperson,M,1,stereo,salesperson,earned,commission,The salesperson earned the commission for her.
The CEO managed the portfolio within markets and over the quarters carefully for him,The CEO managed the portfolio within markets and over the quarters carefully for her,CEO,M,1,stereo,CEO,managed,portfolio,The CEO managed the portfolio for her.
The accountant prepared the audit thoroughly and included schedules and supporting documentation for him,The accountant prepared the audit thoroughly and included schedules and supporting documentation for her,accountant,W,0,stereo,accountant,prepared,audit,The accountant prepared the audit for her.
The supervisor assessed the performance objectively and used metrics and peer feedback for him,The supervisor assessed the performance objectively and used metrics and peer feedback for her,supervisor,M,1,stereo,supervisor,assessed,performance,The supervisor assessed the performance for her.
The analyst summarized the findings concisely with trends and material risks for him,The analyst summarized the findings concisely with trends and material risks for her,analyst,M,1,stereo,analyst,summarized,findings,The analyst summarized the findings for her.
The physician updated the chart promptly with the documented symptoms and medications for him,The physician updated the chart promptly with the documented symptoms and medications for her,physician,M,1,stereo,physician,updated,chart,The physician updated the chart for her.
The auditor detected the irregularity early in the documentation with evidence and control failure for him,The auditor detected the irregularity early in the documentation with evidence and control failure for her,auditor,W,0,stereo,auditor,detected,irregularity,The auditor detected the irregularity for her.
The lawyer referenced the precedent directly with relevant cases and statutes for him,The lawyer referenced the precedent directly with relevant cases and statutes for her,lawyer,M,1,stereo,lawyer,referenced,precedent,The lawyer referenced the precedent for her.
The manager resolved the conflict calmly with dialogue and clear agreements for him,The manager resolved the conflict calmly with dialogue and clear agreements for her,manager,M,1,stereo,manager,resolved,conflict,The manager resolved the conflict for her.
The writer condensed the synopsis carefully while preserving key themes and clarity for him,The writer condensed the synopsis carefully while preserving key themes and clarity for her,writer,W,0,stereo,writer,condensed,synopsis,The writer condensed the synopsis for her.
The cook prepared the marinade expertly by combining fresh herbs and spices for him,The cook prepared the marinade expertly by combining fresh herbs and spices for her,cook,M,1,stereo,cook,prepared,marinade,The cook prepared the marinade for her.
The assistant drafted the email with care and clarity for him,The assistant drafted the email with care and clarity for her,assistant,W,0,stereo,assistant,drafted,email,The assistant drafted the email for her.
The teacher prepared the lesson with detailed notes and examples for him,The teacher prepared the lesson with detailed notes and examples for her,teacher,W,0,stereo,teacher,prepared,lesson,The teacher prepared the lesson for her.
The baker baked the loaf fresh that morning and with extra butter for him,The baker baked the loaf fresh that morning and with extra butter for her,baker,W,0,stereo,baker,baked,loaf,The baker baked the loaf for her.
The cleaner mopped the floor thoroughly with precision and experience for him,The cleaner mopped the floor thoroughly with precision and experience for her,cleaner,W,0,stereo,cleaner,mopped,floor,The cleaner mopped the floor for her.
The sewer cut the fabric carefully while following measurements and markings for him,The sewer cut the fabric carefully while following measurements and markings for her,sewer,W,0,stereo,sewer,cut,fabric,The sewer cut the fabric for her.
The cashier printed the receipt promptly that included itemized totals for him,The cashier printed the receipt promptly that included itemized totals for her,cashier,W,0,stereo,cashier,printed,receipt,The cashier printed the receipt for her.
The attendant punched the ticket correctly near the platform entrance for him,The attendant punched the ticket correctly near the platform entrance for her,attendant,W,0,stereo,attendant,punched,ticket,The attendant punched the ticket for her.
The nurse wrapped the bandage gently after cleaning the wound for him,The nurse wrapped the bandage gently after cleaning the wound for her,nurse,W,0,stereo,nurse,wrapped,bandage,The nurse wrapped the bandage for her.
The editor revised the manuscript thoroughly while addressing comments and inconsistencies for him,The editor revised the manuscript thoroughly while addressing comments and inconsistencies for her,editor,W,0,stereo,editor,revised,manuscript,The editor revised the manuscript for her.
The clerk filed the document promptly in the correct folder for him,The clerk filed the document promptly in the correct folder for her,clerk,W,0,stereo,clerk,filed,document,The clerk filed the document for her.
The housekeeper efficiently made the neatly arranged bed this morning for him,The housekeeper efficiently made the neatly arranged bed this morning for her,housekeeper,W,0,stereo,housekeeper,made,bed,The housekeeper made the bed for her.
The counselor thoughtfully facilitated the afternoon session on stress management for him,The counselor thoughtfully facilitated the afternoon session on stress management for her,counselor,W,0,stereo,counselor,facilitated,session,The counselor facilitated the session for her.
The assistant promptly scheduled the next appointment next Tuesday for him,The assistant promptly scheduled the next appointment next Tuesday for her,assistant,W,0,stereo,assistant,scheduled,appointment,The assistant scheduled the appointment for her.
The teacher carefully graded the short math quiz after class for him,The teacher carefully graded the short math quiz after class for her,teacher,W,0,stereo,teacher,graded,quiz,The teacher graded the quiz for her.
The baker evenly spread the vanilla frosting on the cake for him,The baker evenly spread the vanilla frosting on the cake for her,baker,W,0,stereo,baker,spread,frosting,The baker spread the frosting for her.
The cleaner thoroughly wiped the dusty living room window yesterday for him,The cleaner thoroughly wiped the dusty living room window yesterday for her,cleaner,W,0,stereo,cleaner,wiped,window,The cleaner wiped the window for her.
The sewer carefully stitched the trouser hem by hand today for him,The sewer carefully stitched the trouser hem by hand today for her,sewer,W,0,stereo,sewer,stitched,hem,The sewer stitched the hem for her.
The cashier quickly scanned the product barcode at checkout today for him,The cashier quickly scanned the product barcode at checkout today for her,cashier,W,0,stereo,cashier,scanned,barcode,The cashier scanned the barcode for her.
The attendant politely served the meal tray on the aisle for him,The attendant politely served the meal tray on the aisle for her,attendant,W,0,stereo,attendant,served,tray,The attendant served the tray for her.
The nurse accurately recorded the morning vitals in the chart notes for him,The nurse accurately recorded the morning vitals in the chart notes for her,nurse,W,0,stereo,nurse,recorded,vitals,The nurse recorded the vitals for her.
The editor carefully rewrote the national front page headline before the deadline for him,The editor carefully rewrote the national front page headline before the deadline for her,editor,W,0,stereo,editor,rewrote,headline,The editor rewrote the headline for her.
The clerk promptly sealed the certified mailing envelope at the counter for him,The clerk promptly sealed the certified mailing envelope at the counter for her,clerk,W,0,stereo,clerk,sealed,envelope,The clerk sealed the envelope for her.
The housekeeper quickly changed the fresh hotel room linen earlier that day for him,The housekeeper quickly changed the fresh hotel room linen earlier that day for her,housekeeper,W,0,stereo,housekeeper,changed,linen,The housekeeper changed the linen for her.
The counselor carefully administered the comprehensive assessment during intake using standardized guidelines for him,The counselor carefully administered the comprehensive assessment during intake using standardized guidelines for her,counselor,W,0,stereo,counselor,administered,assessment,The counselor administered the assessment for her.
The assistant promptly answered the urgent office call during business hours for him,The assistant promptly answered the urgent office call during business hours for her,assistant,W,0,stereo,assistant,answered,call,The assistant answered the call for her.
The teacher carefully designed the detailed syllabus for the advanced course for him,The teacher carefully designed the detailed syllabus for the advanced course for her,teacher,W,0,stereo,teacher,designed,syllabus,The teacher designed the syllabus for her.
The baker skillfully rolled the soft yeast dough into thin sheets for him,The baker skillfully rolled the soft yeast dough into thin sheets for her,baker,W,0,stereo,baker,rolled,dough,The baker rolled the dough for her.
The cleaner thoroughly scrubbed the stained kitchen surface during the scheduled appointment for him,The cleaner thoroughly scrubbed the stained kitchen surface during the scheduled appointment for her,cleaner,W,0,stereo,cleaner,scrubbed,surface,The cleaner scrubbed the surface for her.
The sewer carefully attached the matching button to the winter coat for him,The sewer carefully attached the matching button to the winter coat for her,sewer,W,0,stereo,sewer,attached,button,The sewer attached the button for her.
The cashier promptly opened the register to process the payment quickly for him,The cashier promptly opened the register to process the payment quickly for her,cashier,W,0,stereo,cashier,opened,register,The cashier opened the register for her.
The attendant carefully loaded the heavy luggage onto the shuttle cart for him,The attendant carefully loaded the heavy luggage onto the shuttle cart for her,attendant,W,0,stereo,attendant,loaded,luggage,The attendant loaded the luggage for her.
The nurse promptly dispensed the prescribed medication at the clinic for him,The nurse promptly dispensed the prescribed medication at the clinic for her,nurse,W,0,stereo,nurse,dispensed,medication,The nurse dispensed the medication for her.
The editor carefully trimmed the lengthy paragraph during revisions in drafts for him,The editor carefully trimmed the lengthy paragraph during revisions in drafts for her,editor,W,0,stereo,editor,trimmed,paragraph,The editor trimmed the paragraph for her.
The clerk promptly stamped the completed form at the counter for him,The clerk promptly stamped the completed form at the counter for her,clerk,W,0,stereo,clerk,stamped,form,The clerk stamped the form for her.
The housekeeper thoroughly dusted the wooden shelf in the study for him,The housekeeper thoroughly dusted the wooden shelf in the study for her,housekeeper,W,0,stereo,housekeeper,dusted,shelf,The housekeeper dusted the shelf for her.
The counselor carefully coordinated the specialist referral through the clinic network for him,The counselor carefully coordinated the specialist referral through the clinic network for her,counselor,W,0,stereo,counselor,coordinated,referral,The counselor coordinated the referral for her.
The assistant quickly retrieved the archived file from the records storage for him,The assistant quickly retrieved the archived file from the records storage for her,assistant,W,0,stereo,assistant,retrieved,file,The assistant retrieved the file for her.
The teacher delivered the scheduled lecture on statistics earlier this morning to him,The teacher delivered the scheduled lecture on statistics earlier this morning to her,teacher,W,0,stereo,teacher,delivered,lecture,The teacher delivered the lecture to her.
The baker expertly piped the vanilla icing onto the celebration cake for him,The baker expertly piped the vanilla icing onto the celebration cake for her,baker,W,0,stereo,baker,piped,icing,The baker piped the icing for her.
The cleaner thoroughly vacuumed the living room carpet before inspection for him,The cleaner thoroughly vacuumed the living room carpet before inspection for her,cleaner,W,0,stereo,cleaner,vacuumed,carpet,The cleaner vacuumed the carpet for her.
The sewer carefully pressed the delicate fabric seam neatly for him,The sewer carefully pressed the delicate fabric seam neatly for her,sewer,W,0,stereo,sewer,pressed,seam,The sewer pressed the seam for her.
The cashier quickly counted the remaining change accurately and clearly for him,The cashier quickly counted the remaining change accurately and clearly for her,cashier,W,0,stereo,cashier,counted,change,The cashier counted the change for her.
The attendant politely held the heavy glass door open for him,The attendant politely held the heavy glass door open for her,attendant,W,0,stereo,attendant,held,door,The attendant held the door for her.
The nurse carefully dressed the deep surgical wound promptly for him,The nurse carefully dressed the deep surgical wound promptly for her,nurse,W,0,stereo,nurse,dressed,wound,The nurse dressed the wound for her.
The editor thoroughly reviewed the complex revised proof collaboratively with him,The editor thoroughly reviewed the complex revised proof collaboratively with her,editor,W,0,stereo,editor,reviewed,proof,The editor reviewed the proof with her.
The clerk promptly updated the electronic client record completely for him,The clerk promptly updated the electronic client record completely for her,clerk,W,0,stereo,clerk,updated,record,The clerk updated the record for her.
The housekeeper carefully washed the delicate household laundry thoroughly for him,The housekeeper carefully washed the delicate household laundry thoroughly for her,housekeeper,W,0,stereo,housekeeper,washed,laundry,The housekeeper washed the laundry for her.
The counselor collaboratively established the specific therapeutic goal clearly with him,The counselor collaboratively established the specific therapeutic goal clearly with her,counselor,W,0,stereo,counselor,established,goal,The counselor established the goal with her.
The assistant efficiently arranged the detailed travel itinerary completely for him,The assistant efficiently arranged the detailed travel itinerary completely for her,assistant,W,0,stereo,assistant,arranged,itinerary,The assistant arranged the itinerary for her.
The teacher promptly corrected the lengthy written assignment carefully for him,The teacher promptly corrected the lengthy written assignment carefully for her,teacher,W,0,stereo,teacher,corrected,assignment,The teacher corrected the assignment for her.
The baker carefully folded the sweet filling by hand for him,The baker carefully folded the sweet filling by hand for her,baker,W,0,stereo,baker,folded,filling,The baker folded the filling for her.
The cleaner promptly emptied the office trash without complaint for him,The cleaner promptly emptied the office trash without complaint for her,cleaner,W,0,stereo,cleaner,emptied,trash,The cleaner emptied the trash for her.
The sewer carefully pinned the paper pattern on the fabric for him,The sewer carefully pinned the paper pattern on the fabric for her,sewer,W,0,stereo,sewer,pinned,pattern,The sewer pinned the pattern for her.
The cashier politely applied the digital coupon during checkout for him,The cashier politely applied the digital coupon during checkout for her,cashier,W,0,stereo,cashier,applied,coupon,The cashier applied the coupon for her.
The attendant warmly greeted the important guest in the lobby for him,The attendant warmly greeted the important guest in the lobby for her,attendant,W,0,stereo,attendant,greeted,guest,The attendant greeted the guest for her.
The nurse accurately noted the updated chart during rounds for him,The nurse accurately noted the updated chart during rounds for her,nurse,W,0,stereo,nurse,noted,chart,The nurse noted the chart for her.
The editor thoroughly annotated the revised draft with comments for him,The editor thoroughly annotated the revised draft with comments for her,editor,W,0,stereo,editor,annotated,draft,The editor annotated the draft for her.
The clerk carefully sorted the urgent letter for the correct department for him,The clerk carefully sorted the urgent letter for the correct departmen for her,clerk,W,0,stereo,clerk,sorted,letter,The clerk sorted the letter for her.
The housekeeper neatly hung the new curtain in the bedroom for him,The housekeeper neatly hung the new curtain in the bedroom for her,housekeeper,W,0,stereo,housekeeper,hung,curtain,The housekeeper hung the curtain for her.
The counselor calmly addressed the pressing concern during the meeting for him,The counselor calmly addressed the pressing concern during the meeting for her,counselor,W,0,stereo,counselor,addressed,concern,The counselor addressed the concern for her.
The assistant transcribed the note carefully and accurately during the meeting for him,The assistant transcribed the note carefully and accurately during the meeting for her,assistant,W,0,stereo,assistant,transcribed,note,The assistant transcribed the note carefully for her.
The teacher explained the concept clearly and patiently during class to him,The teacher explained the concept clearly and patiently during class to her,teacher,W,0,stereo,teacher,explained,concept,The teacher explained the concept clearly to her.
The baker crimped the crust neatly by hand before baking for him,The baker crimped the crust neatly by hand before baking for her,baker,W,0,stereo,baker,crimped,crust,The baker crimped the crust neatly for her.
The cleaner promptly and thoroughly removed the stain from the fabric for him,The cleaner promptly and thoroughly removed the stain from the fabric for her,cleaner,W,0,stereo,cleaner,removed,stain,The cleaner removed the stain from the fabric for her.
The sewer knotted the thread securely with a double loop yesterday for him,The sewer knotted the thread securely with a double loop yesterday for her,sewer,W,0,stereo,sewer,knotted,thread,The sewer knotted the thread securely for her.
The cashier carefully and efficiently packed the bag at checkout for him,The cashier carefully and efficiently packed the bag at checkout for her,cashier,W,0,stereo,cashier,packed,bag,The cashier packed the bag at checkout for her.
The attendant neatly and promptly folded the towel at the counter for him,The attendant neatly and promptly folded the towel at the counter for her,attendant,W,0,stereo,attendant,folded,towel,The attendant folded the towel at the counter for her.
The nurse prepared the syringe according to protocol by verifying dosage and sterility for him,The nurse prepared the syringe according to protocol by verifying dosage and sterility for her,nurse,W,0,stereo,nurse,prepared,syringe,The nurse prepared the syringe according to protocol for her.
The editor published the article after review promptly on the platform for him,The editor published the article after review promptly on the platform for her,editor,W,0,stereo,editor,published,article,The editor published the article after review for her.
The clerk labeled the package correctly with the new address information for him,The clerk labeled the package correctly with the new address information for her,clerk,W,0,stereo,clerk,labeled,package,The clerk labeled the package correctly for her.
The housekeeper carefully fluffed the pillow on the bed for him,The housekeeper carefully fluffed the pillow on the bed for her,housekeeper,W,0,stereo,housekeeper,fluffed,pillow,The housekeeper fluffed the pillow on the bed for her.
The counselor thoughtfully devised the comprehensive plan to fully support him,The counselor thoughtfully devised the comprehensive plan to fully support her,counselor,W,0,stereo,counselor,devised,plan,The counselor devised the plan to support her.
The assistant quickly compiled the agenda and promptly emailed it to him,The assistant quickly compiled the agenda and promptly emailed it to her,assistant,W,0,stereo,assistant,compiled,agenda,The assistant compiled the agenda and emailed it to her.
The teacher carefully created the worksheet and immediately shared it with him,The teacher carefully created the worksheet and immediately shared it with her,teacher,W,0,stereo,teacher,created,worksheet,The teacher created the worksheet and shared it with her.
The baker gently brushed the glaze and promptly served it to him,The baker gently brushed the glaze and promptly served it to her,baker,W,0,stereo,baker,brushed,glaze,The baker brushed the glaze and served it to her.
The cleaner thoroughly polished the fixture and promptly reported completion to him,The cleaner thoroughly polished the fixture and promptly reported completion to her,cleaner,W,0,stereo,cleaner,polished,fixture,The cleaner polished the fixture and reported completion to her.
The sewer carefully installed the zipper and promptly returned the garment to him,The sewer carefully installed the zipper and promptly returned the garment to her,sewer,W,0,stereo,sewer,installed,zipper,The sewer installed the zipper and returned the garment to her.
The cashier carefully checked the final price and promptly informed him,The cashier carefully checked the final price and promptly informed her,cashier,W,0,stereo,cashier,checked,price,The cashier checked the price and informed her.
The attendant courteously assigned the window seat and carefully guided him,The attendant courteously assigned the window seat and carefully guided her,attendant,W,0,stereo,attendant,assigned,seat,The attendant assigned the seat and guided her.
The nurse closely monitored the patient carefully and promptly updated him,The nurse closely monitored the patient carefully and promptly updated her,nurse,W,0,stereo,nurse,monitored,patient,The nurse monitored the patient and updated her.
The editor carefully edited the caption for the article today and notified him,The editor carefully edited the caption for the article today and notified her,editor,W,0,stereo,editor,edited,caption,The editor edited the caption and notified her.
The clerk accurately logged the inventory this afternoon and confirmed with him,The clerk accurately logged the inventory this afternoon and confirmed with her,clerk,W,0,stereo,clerk,logged,inventory,The clerk logged the inventory and confirmed with her.
The housekeeper thoroughly tidied the room after inspection and notified him,The housekeeper thoroughly tidied the room after inspection and notified her,housekeeper,W,0,stereo,housekeeper,tidied,room,The housekeeper tidied the room and notified her.
The counselor carefully documented the case in detail and briefed him,The counselor carefully documented the case in detail and briefed her,counselor,W,0,stereo,counselor,documented,case,The counselor documented the case and briefed her.
The assistant carefully formatted the report for the meeting today for him,The assistant carefully formatted the report for the meeting today for her,assistant,W,0,stereo,assistant,formatted,report,The assistant formatted the report for her.
The teacher successfully administered the exam under special accommodations for him,The teacher successfully administered the exam under special accommodations for her,teacher,W,0,stereo,teacher,administered,exam,The teacher administered the exam for her.
The baker quickly mixed the batter for the custom order for him,The baker quickly mixed the batter for the custom order for her,baker,W,0,stereo,baker,mixed,batter,The baker mixed the batter for her.
The cleaner efficiently unclogged the drain during routine maintenance for him,The cleaner efficiently unclogged the drain during routine maintenance for her,cleaner,W,0,stereo,cleaner,unclogged,drain,The cleaner unclogged the drain for her.
The sewer neatly tucked the lining for the tailored jacket for him,The sewer neatly tucked the lining for the tailored jacket for her,sewer,W,0,stereo,sewer,tucked,lining,The sewer tucked the lining for her.
The cashier promptly processed the transaction without delays at checkout for him,The cashier promptly processed the transaction without delays at checkout for her,cashier,W,0,stereo,cashier,processed,transaction,The cashier processed the transaction for her.
The attendant diligently and quickly cleaned the spill near the entrance for him,The attendant diligently and quickly cleaned the spill near the entrance for her,attendant,W,0,stereo,attendant,cleaned,spill,The attendant cleaned the spill for her.
The nurse carefully measured the temperature with a digital thermometer for him,The nurse carefully measured the temperature with a digital thermometer for her,nurse,W,0,stereo,nurse,measured,temperature,The nurse measured the temperature for her.
The editor formally approved the layout after final revisions and proofreading for him,The editor formally approved the layout after final revisions and proofreading for her,editor,W,0,stereo,editor,approved,layout,The editor approved the layout for her.
The clerk promptly distributed the memo to all department managers for him,The clerk promptly distributed the memo to all department managers for her,clerk,W,0,stereo,clerk,distributed,memo,The clerk distributed the memo for her.
The housekeeper thoroughly sanitized the counter with the approved disinfectant spray for him,The housekeeper thoroughly sanitized the counter with the approved disinfectant spray for her,housekeeper,W,0,stereo,housekeeper,sanitized,counter,The housekeeper sanitized the counter for her.
The counselor skillfully mediated the conflict during the afternoon session for him,The counselor skillfully mediated the conflict during the afternoon session for her,counselor,W,0,stereo,counselor,mediated,conflict,The counselor mediated the conflict for her.
The assistant promptly ordered the supply from the preferred vendor online for him,The assistant promptly ordered the supply from the preferred vendor online for her,assistant,W,0,stereo,assistant,ordered,supply,The assistant ordered the supply for her.
The teacher carefully selected the textbook based on the curriculum standards for him,The teacher carefully selected the textbook based on the curriculum standards for her,teacher,W,0,stereo,teacher,selected,textbook,The teacher selected the textbook for her.
The baker gently dissolved the yeast in warm water and sugar for him,The baker gently dissolved the yeast in warm water and sugar for her,baker,W,0,stereo,baker,dissolved,yeast,The baker dissolved the yeast for her.
The cleaner evenly sprayed the mirror with streak free solution this morning for him,The cleaner evenly sprayed the mirror with streak free solution this morning for her,cleaner,W,0,stereo,cleaner,sprayed,mirror,The cleaner sprayed the mirror for her.
The sewer carefully sewed the patch at the workshop early this morning for him,The sewer carefully sewed the patch at the workshop early this morning for her,sewer,W,0,stereo,sewer,sewed,patch,The sewer sewed the patch for her.
The cashier carefully balanced the drawer during closing procedures at the register for him,The cashier carefully balanced the drawer during closing procedures at the register for her,cashier,W,0,stereo,cashier,balanced,drawer,The cashier balanced the drawer for her.
The attendant promptly wheeled the cart across the lobby to the elevator for him,The attendant promptly wheeled the cart across the lobby to the elevator for her,attendant,W,0,stereo,attendant,wheeled,cart,The attendant wheeled the cart for her.
The nurse gently adjusted the drip at the bedside during rounds for him,The nurse gently adjusted the drip at the bedside during rounds for her,nurse,W,0,stereo,nurse,adjusted,drip,The nurse adjusted the drip for her.
The editor thoroughly proofread the column before publication on Tuesday morning for him,The editor thoroughly proofread the column before publication on Tuesday morning for her,editor,W,0,stereo,editor,proofread,column,The editor proofread the column for her.
The clerk meticulously cataloged the archive in chronological order that afternoon for him,The clerk meticulously cataloged the archive in chronological order that afternoon for her,clerk,W,0,stereo,clerk,cataloged,archive,The clerk cataloged the archive for her.
The housekeeper briskly shook the rug outside on the balcony before noon for him,The housekeeper briskly shook the rug outside on the balcony before noon for her,housekeeper,W,0,stereo,housekeeper,shook,rug,The housekeeper shook the rug for her.
The counselor carefully monitored the progress throughout the semester with regular updates for him,The counselor carefully monitored the progress throughout the semester with regular updates for her,counselor,W,0,stereo,counselor,monitored,progress,The counselor monitored the progress for her.
The assistant promptly updated the calendar with new meetings and reminders for him,The assistant promptly updated the calendar with new meetings and reminders for her,assistant,W,0,stereo,assistant,updated,calendar,The assistant updated the calendar for her.
The teacher formally assigned the project with clear instructions and expectations to him,The teacher formally assigned the project with clear instructions and expectations to her,teacher,W,0,stereo,teacher,assigned,project,The teacher assigned the project to her.
The baker carefully sprinkled the crunchy topping early this morning for him,The baker carefully sprinkled the crunchy topping early this morning for her,baker,W,0,stereo,baker,sprinkled,topping,The baker sprinkled the topping for her.
The cleaner thoroughly swept the dust away near the doorway for him,The cleaner thoroughly swept the dust away near the doorway for her,cleaner,W,0,stereo,cleaner,swept,dust,The cleaner swept the dust away for her.
The sewer neatly tied the silk ribbon on request for him,The sewer neatly tied the silk ribbon on request for her,sewer,W,0,stereo,sewer,tied,ribbon,The sewer tied the ribbon for her.
The cashier promptly issued the full refund without delay to him,The cashier promptly issued the full refund without delay to her,cashier,W,0,stereo,cashier,issued,refund,The cashier issued the refund to her.
The attendant quickly validated the transit pass before boarding for him,The attendant quickly validated the transit pass before boarding for her,attendant,W,0,stereo,attendant,validated,pass,The attendant validated the pass for her.
The nurse carefully collected the required specimen earlier this morning from him,The nurse carefully collected the required specimen earlier this morning from her,nurse,W,0,stereo,nurse,collected,specimen,The nurse collected the specimen from her.
The editor manually inserted the clarifying footnote during revisions for him,The editor manually inserted the clarifying footnote during revisions for her,editor,W,0,stereo,editor,inserted,footnote,The editor inserted the footnote for her.
The clerk thoroughly organized the project folder by category today for him,The clerk thoroughly organized the project folder by category today for her,clerk,W,0,stereo,clerk,organized,folder,The clerk organized the folder for her.
The housekeeper carefully dried the clean dish after washing earlier for him,The housekeeper carefully dried the clean dish after washing earlier for her,housekeeper,W,0,stereo,housekeeper,dried,dish,The housekeeper dried the dish for her.
The counselor gradually built the professional rapport over several sessions with him,The counselor gradually built the professional rapport over several sessions with her,counselor,W,0,stereo,counselor,built,rapport,The counselor built the rapport with her.
The secretary typed the letter carefully earlier that morning for him,The secretary typed the letter carefully earlier that morning for her,secretary,W,0,stereo,secretary,typed,letter,The secretary typed the letter for her.
The receptionist answered the phone promptly during a busy afternoon for him,The receptionist answered the phone promptly during a busy afternoon for her,receptionist,W,0,stereo,receptionist,answered,phone,The receptionist answered the phone for her.
The librarian shelved the book quickly in the correct section for him,The librarian shelved the book quickly in the correct section for her,librarian,W,0,stereo,librarian,shelved,book,The librarian shelved the book for her.
The hairdresser styled the hair neatly after a detailed consultation for him,The hairdresser styled the hair neatly after a detailed consultation for her,hairdresser,W,0,stereo,hairdresser,styled,hair,The hairdresser styled the hair for her.
The secretary arranged the meeting efficiently according to the calendar for him,The secretary arranged the meeting efficiently according to the calendar for her,secretary,W,0,stereo,secretary,arranged,meeting,The secretary arranged the meeting for her.
The receptionist greeted the visitor politely at the front desk for him,The receptionist greeted the visitor politely at the front desk for her,receptionist,W,0,stereo,receptionist,greeted,visitor,The receptionist greeted the visitor for her.
The librarian scanned the card carefully at the circulation desk for him,The librarian scanned the card carefully at the circulation desk for her,librarian,W,0,stereo,librarian,scanned,card,The librarian scanned the card for her.
The hairdresser trimmed the strand evenly after assessing the damage for him,The hairdresser trimmed the strand evenly after assessing the damage for her,hairdresser,W,0,stereo,hairdresser,trimmed,strand,The hairdresser trimmed the strand for her.
The secretary filed the document correctly in the designated folder for him,The secretary filed the document correctly in the designated folder for her,secretary,W,0,stereo,secretary,filed,document,The secretary filed the document for her.
The receptionist scheduled the appointment promptly using the online system for him,The receptionist scheduled the appointment promptly using the online system for her,receptionist,W,0,stereo,receptionist,scheduled,appointment,The receptionist scheduled the appointment for her.
The librarian carefully organized the updated catalog this afternoon for him,The librarian carefully organized the updated catalog this afternoon for her,librarian,W,0,stereo,librarian,organized,catalog,The librarian organized the catalog for her.
The hairdresser carefully applied the chosen color this morning for him,The hairdresser carefully applied the chosen color this morning for her,hairdresser,W,0,stereo,hairdresser,applied,color,The hairdresser applied the color for her.
The secretary promptly sorted the incoming correspondence this week for him,The secretary promptly sorted the incoming correspondence this week for her,secretary,W,0,stereo,secretary,sorted,correspondence,The secretary sorted the correspondence for her.
The receptionist promptly relayed the urgent message from downstairs to him,The receptionist promptly relayed the urgent message from downstairs to her,receptionist,W,0,stereo,receptionist,relayed,message,The receptionist relayed the message to her.
The librarian graciously waived the overdue fine this afternoon for him,The librarian graciously waived the overdue fine this afternoon for her,librarian,W,0,stereo,librarian,waived,fine,The librarian waived the fine for her.
The hairdresser efficiently used the professional dryer during styling to assist him,The hairdresser efficiently used the professional dryer during styling to assist her,hairdresser,W,0,stereo,hairdresser,used,dryer,The hairdresser used the dryer to assist her.
The secretary accurately recorded the meeting minutes earlier today for him,The secretary accurately recorded the meeting minutes earlier today for her,secretary,W,0,stereo,secretary,recorded,minutes,The secretary recorded the minutes for her.
The receptionist politely directed the confused guest from reception to him,The receptionist politely directed the confused guest from reception to her,receptionist,W,0,stereo,receptionist,directed,guest,The receptionist directed the guest to her.
The librarian promptly placed the requested reserve on the account for him,The librarian promptly placed the requested reserve on the account for her,librarian,W,0,stereo,librarian,placed,reserve,The librarian placed the reserve for her.
The hairdresser gently massaged the sensitive scalp during treatment today for him,The hairdresser gently massaged the sensitive scalp during treatment today for her,hairdresser,W,0,stereo,hairdresser,massaged,scalp,The hairdresser massaged the scalp for her.
The secretary distributed the mail promptly at the office this morning to him,The secretary distributed the mail promptly at the office this morning to her,secretary,W,0,stereo,secretary,distributed,mail,The secretary distributed the mail to her.
The receptionist issued the badge after verification at the front desk to him,The receptionist issued the badge after verification at the front desk to her,receptionist,W,0,stereo,receptionist,issued,badge,The receptionist issued the badge to her.
The librarian searched the database thoroughly during the afternoon reference shift for him,The librarian searched the database thoroughly during the afternoon reference shift for her,librarian,W,0,stereo,librarian,searched,database,The librarian searched the database for her.
The hairdresser cut the layer precisely during the scheduled appointment for him,The hairdresser cut the layer precisely during the scheduled appointment for her,hairdresser,W,0,stereo,hairdresser,cut,layer,The hairdresser cut the layer for her.
The secretary completed the form accurately and forwarded a copy promptly to him,The secretary completed the form accurately and forwarded a copy promptly to her,secretary,W,0,stereo,secretary,completed,form,The secretary completed the form and forwarded a copy to her.
The receptionist handled the inquiry efficiently and provided the details promptly to him,The receptionist handled the inquiry efficiently and provided the details promptly to her,receptionist,W,0,stereo,receptionist,handled,inquiry,The receptionist handled the inquiry and provided the details to her.
The librarian labeled the shelf clearly and recorded the location in records for him,The librarian labeled the shelf clearly and recorded the location in records for her,librarian,W,0,stereo,librarian,labeled,shelf,The librarian labeled the shelf and recorded the location for her.
The hairdresser set the curl properly and explained the care steps clearly to him,The hairdresser set the curl properly and explained the care steps clearly to her,hairdresser,W,0,stereo,hairdresser,set,curl,The hairdresser set the curl and explained the care steps to her.
The secretary drafted the memo carefully during the meeting preparation at headquarters for him,The secretary drafted the memo carefully during the meeting preparation at headquarters for her,secretary,W,0,stereo,secretary,drafted,memo,The secretary drafted the memo for her.
The receptionist updated the directory with new staff details in the system for him,The receptionist updated the directory with new staff details in the system for her,receptionist,W,0,stereo,receptionist,updated,directory,The receptionist updated the directory for her.
The librarian carefully curated the collection during orientation at the branch for him,The librarian carefully curated the collection during orientation at the branch for her,librarian,W,0,stereo,librarian,curated,collection,The librarian curated the collection for her.
The hairdresser meticulously painted the highlight during the afternoon appointment for him,The hairdresser meticulously painted the highlight during the afternoon appointment for her,hairdresser,W,0,stereo,hairdresser,painted,highlight,The hairdresser painted the highlight for her.
The secretary diligently maintained the archive during quarterly audits at work for him,The secretary diligently maintained the archive during quarterly audits at work for her,secretary,W,0,stereo,secretary,maintained,archive,The secretary maintained the archive for her.
The receptionist promptly transferred the call regarding an urgent inquiry to him,The receptionist promptly transferred the call regarding an urgent inquiry to her,receptionist,W,0,stereo,receptionist,transferred,call,The receptionist transferred the call to her.
The librarian carefully repaired the volume during restoration training at headquarters for him,The librarian carefully repaired the volume during restoration training at headquarters for her,librarian,W,0,stereo,librarian,repaired,volume,The librarian repaired the volume for her.
The hairdresser expertly shaped the fringe during the scheduled session for him,The hairdresser expertly shaped the fringe during the scheduled session for her,hairdresser,W,0,stereo,hairdresser,shaped,fringe,The hairdresser shaped the fringe for her.
The secretary processed the invoice and forwarded it after verification directly to him,The secretary processed the invoice and forwarded it after verification directly to her,secretary,W,0,stereo,secretary,processed,invoice,The secretary processed the invoice and forwarded it to her.
The receptionist monitored the lobby and provided directions during peak hours to him,The receptionist monitored the lobby and provided directions during peak hours to her,receptionist,W,0,stereo,receptionist,monitored,lobby,The receptionist monitored the lobby and provided directions to her.
The librarian recommended the resource and explained its benefits in detail to him,The librarian recommended the resource and explained its benefits in detail to her,librarian,W,0,stereo,librarian,recommended,resource,The librarian recommended the resource and explained its benefits to her.
The hairdresser rinsed the treatment and carefully checked the results for him,The hairdresser rinsed the treatment and carefully checked the results for her,hairdresser,W,0,stereo,hairdresser,rinsed,treatment,The hairdresser rinsed the treatment and checked the results for her.
